ffffffcf
00000002
ffffffd9
0000000a
ffffffca
ffffffdc
ffffffba
ffffffab
ffffffca
ffffffe7
ffffffc3
ffffffda
ffffffef
00000017
00000011
00000007
0000000e
00000009
ffffffd9
0000003d
ffffffd8
0000001d
ffffffef
00000017
fffffffb
ffffffef
ffffffd8
00000003
00000051
ffffffca
fffffff3
00000020
00000053
ffffffdc
ffffffc5
00000019
ffffffe9
00000081
00000035
ffffffe6
fffffff0
ffffffe6
ffffffc6
ffffffbe
fffffff8
ffffffcf
00000021
ffffffec
0000003c
00000009
fffffffc
ffffffd8
ffffffe0
ffffffe2
ffffffed
fffffff3
ffffffe2
00000019
ffffffe5
0000000d
ffffffec
0000000a
00000030
0000003e
ffffffd6
fffffff2
000000a4
00000037
ffffffb5
0000000d
ffffffe9
00000002
ffffffd4
ffffffcf
00000048
0000002c
ffffffc4
fffffff9
ffffffe3
ffffffe0
ffffffd7
fffffff1
00000071
ffffffba
fffffff2
fffffff8
0000003b
ffffffd5
ffffffa9
00000019
ffffffd6
00000047
00000056
ffffffc2
00000007
0000001d
00000049
0000001b
ffffffb6
ffffffd8
ffffffd9
00000078
00000022
00000007
00000036
ffffffc6
0000004e
ffffffd9
00000021
ffffffed
fffffffc
0000000d
0000001e
ffffffec
0000001e
ffffffff
ffffffef
00000035
0000003d
fffffff5
ffffffef
00000090
0000001a
ffffffd7
ffffffed
00000039
00000013
0000000f
00000016
ffffffcb
ffffffaa
00000082
00000062
0000001d
ffffffd1
ffffffc5
0000004f
ffffffd5
00000038
0000002b
ffffffc5
0000002a
ffffffc4
ffffffea
fffffffa
ffffffa3
00000027
00000021
0000004f
00000022
ffffffd7
fffffff8
ffffffc9
0000002e
ffffffd9
ffffffcd
ffffffd2
0000009f
00000005
ffffff93
ffffffdc
ffffffca
ffffffff
00000037
ffffffec
00000023
fffffff0
0000002b
ffffffe8
ffffff9e
ffffffb8
00000034
ffffffcb
00000049
ffffffd9
ffffffd2
00000027
ffffffe2
00000005
00000005
00000012
ffffffb4
0000002a
ffffffe0
00000007
00000012
00000073
00000039
00000004
ffffffe3
ffffffcc
00000023
ffffffe5
0000005b
00000038
00000016
ffffffee
ffffffd5
fffffffe
fffffff9
ffffffe0
fffffff2
ffffffc0
00000003
ffffffeb
ffffffc8
0000003b
00000076
0000004c
ffffffe3
ffffffbf
00000013
ffffffce
00000042
0000002d
ffffffde
ffffffde
ffffffdb
00000010
00000038
00000002
00000013
00000036
ffffffe3
00000011
00000011
00000000
ffffffe7
0000002b
00000015
ffffffc4
fffffff1
fffffff1
ffffffd1
ffffffe0
fffffff8
fffffffa
0000000c
ffffffe8
000000b2
0000002c
ffffffd5
00000038
fffffff8
ffffffb7
ffffffe6
ffffffb4
0000000f
00000016
00000040
ffffffa3
0000001a
0000001f
0000000d
ffffffca
ffffffd1
fffffff7
00000013
0000002f
ffffffe9
ffffffd1
00000007
ffffffd8
ffffffcd
ffffffcb
ffffffc6
ffffffbe
00000005
ffffffce
ffffffc0
0000000f
fffffff6
ffffffde
0000002c
00000022
ffffffa4
fffffff3
00000047
ffffffe7
ffffffc9
ffffffce
ffffffee
00000003
00000039
fffffff1
ffffffc6
0000003c
ffffffe7
00000007
ffffffc7
fffffffa
0000001f
ffffffff
ffffffd7
0000002c
fffffff3
ffffffc3
ffffffd8
00000003
ffffffcb
00000067
ffffffc0
ffffffd6
ffffffc9
0000000b
fffffffa
ffffffec
000000a5
00000044
ffffffed
fffffff4
00000053
00000054
ffffffe9
00000053
ffffffc5
ffffffe8
fffffff5
fffffff9
0000001c
00000031
ffffffe8
ffffffe1
00000030
00000037
00000005
0000000d
ffffffe8
00000010
00000098
ffffffed
fffffff0
00000042
ffffffc0
00000013
00000062
00000022
ffffffe8
00000074
00000080
ffffffed
ffffffbf
00000063
ffffffd5
0000002f
ffffffe6
ffffffcb
ffffffe4
ffffffe6
0000002e
00000017
ffffffb0
00000003
0000000e
ffffffe5
0000006a
00000001
fffffff0
0000003a
ffffffd1
ffffffc8
ffffffe1
00000004
0000001e
ffffffda
ffffffdd
0000002d
ffffffd1
ffffffdc
0000000e
ffffffea
00000026
00000050
0000003d
ffffffe7
00000007
ffffffec
ffffffc0
0000000b
ffffffdc
00000061
ffffffe7
00000079
0000002f
ffffffc4
0000002b
ffffffc5
0000002b
ffffffc2
fffffff1
ffffffb4
ffffff9f
ffffffbc
ffffffdf
ffffffd2
ffffffca
0000000b
00000019
fffffffe
ffffffeb
ffffffff
0000000e
ffffffd0
0000003f
ffffffbf
00000034
ffffffe4
fffffff1
ffffffea
0000000e
ffffffbc
00000004
00000063
ffffffc9
ffffffcd
0000003a
0000005f
ffffffd1
ffffffbf
00000021
ffffffcd
00000091
0000005f
ffffffdc
ffffffdc
ffffffe1
ffffffbd
ffffffd3
ffffffd9
ffffffe2
00000051
ffffffdc
0000000f
0000000d
00000003
ffffffd8
ffffffe9
ffffffbb
ffffffe2
fffffff1
ffffffde
00000002
ffffffd5
00000003
ffffffe2
00000012
00000026
00000053
ffffffcb
fffffff0
000000bc
00000036
ffffffa0
fffffff0
ffffffcc
fffffff2
ffffffcd
ffffffce
0000006b
00000036
ffffffc8
fffffff4
ffffffd1
fffffffb
ffffffd1
ffffffee
00000072
ffffffb7
00000000
00000004
00000064
ffffffdd
ffffffb6
00000019
ffffffcb
00000032
00000068
ffffffce
ffffffff
0000001d
00000036
00000002
ffffffa0
ffffffc9
ffffffd4
00000093
0000002b
00000001
0000002a
ffffffd7
00000054
ffffffd1
00000034
0000000b
00000011
00000011
00000012
fffffff3
0000000f
fffffff2
fffffff3
0000004b
00000063
ffffffdd
fffffff7
000000a1
00000016
ffffffd2
ffffffdc
00000025
00000028
00000021
00000020
ffffffc4
ffffffa0
000000a7
00000068
0000003b
ffffffc9
ffffffbe
0000004f
ffffffcd
0000003d
00000025
ffffffc2
00000049
ffffffc9
ffffffc7
00000009
ffffffad
00000022
00000012
00000063
00000025
ffffffd5
00000012
ffffffc3
00000013
ffffffd4
ffffffd4
ffffffba
000000b5
ffffffef
ffffff98
ffffffec
ffffffbf
ffffffeb
0000001d
ffffffd9
00000020
fffffff6
0000003b
ffffffdf
ffffffa7
ffffffbc
0000002a
ffffffc6
0000003c
ffffffd1
ffffffc9
00000018
ffffffec
00000004
fffffff2
0000001b
ffffffb8
00000034
00000003
00000011
00000015
00000075
0000004e
fffffffd
fffffff7
ffffffbd
00000026
ffffffee
00000070
00000058
fffffff8
ffffffef
ffffffbf
ffffffee
0000000f
ffffffd5
ffffffe6
ffffffb2
00000005
ffffffe3
ffffffbf
0000005c
0000008a
0000007b
ffffffda
ffffffb4
00000018
ffffffcb
00000047
00000022
ffffffd2
ffffffd8
ffffffd7
00000023
00000026
0000000d
00000008
00000065
ffffffdd
00000020
00000026
ffffffed
ffffffe4
0000002a
00000006
ffffffbf
00000002
ffffffef
ffffffcf
ffffffeb
ffffffe9
fffffffa
00000013
0000000a
000000b0
00000021
ffffffcf
00000042
0000000a
ffffffbc
fffffffc
ffffffa5
fffffffc
00000007
0000005b
ffffffaa
00000017
0000001b
00000017
ffffffd1
ffffffce
ffffffe3
00000011
0000001c
ffffffe6
ffffffc4
0000001e
ffffffce
ffffffc1
ffffffbb
ffffffbd
ffffffdd
00000022
ffffffcb
ffffffc1
00000004
fffffff8
ffffffda
00000045
0000001e
ffffff9c
00000009
00000031
00000001
ffffffc0
ffffffd0
fffffff1
fffffffe
00000040
ffffffe2
ffffffda
0000004f
ffffffd3
00000001
ffffffbe
00000011
0000003f
00000018
ffffffcf
0000002a
0000000c
ffffffc9
ffffffba
00000009
ffffffbc
0000007c
ffffffae
ffffffcd
ffffffbd
00000009
00000008
ffffffea
000000ba
0000004c
ffffffe8
fffffff3
0000005a
0000007e
ffffffe1
0000005d
ffffffc7
ffffffd0
00000004
fffffffe
00000028
00000054
00000005
ffffffca
0000002f
0000004c
fffffff8
fffffff8
fffffff4
ffffffe8
000000b7
ffffffd1
fffffff4
0000004f
ffffffc0
00000028
00000073
0000001b
fffffff0
0000008d
00000098
00000000
ffffffd2
00000082
ffffffb3
00000038
ffffffd2
ffffffc3
ffffffd1
ffffffd1
0000001d
fffffff6
ffffffb2
ffffffe7
00000014
ffffffde
0000008a
ffffffff
ffffffd3
0000002a
ffffffb2
ffffffb8
ffffffcd
ffffffed
00000029
ffffffd7
ffffffbe
0000002b
ffffffd1
ffffffdd
00000006
ffffffde
0000002c
0000005a
0000004a
ffffffef
0000001e
ffffffe6
ffffffc2
00000018
ffffffcf
00000067
ffffffdf
0000008b
00000042
ffffffcd
0000001a
ffffffd0
00000027
ffffffbc
ffffffe1
ffffffb2
ffffff9c
ffffffba
ffffffe4
ffffffd1
ffffffc7
fffffffb
0000001e
00000019
fffffff9
fffffffd
00000019
ffffffd5
00000035
ffffffc7
0000002a
ffffffe9
fffffffe
ffffffea
00000007
ffffffcc
0000000e
00000055
ffffffcb
ffffffdd
00000027
0000005e
ffffffd8
ffffffbb
0000000b
ffffffd8
0000008a
0000004c
ffffffdc
ffffffd8
ffffffdd
ffffffc0
ffffffcc
ffffffee
ffffffe0
00000043
ffffffe1
00000023
00000018
0000000a
ffffffd7
ffffffe4
ffffffc8
fffffff1
ffffffea
ffffffdb
00000002
ffffffd7
00000012
ffffffdf
00000012
00000021
00000055
ffffffc2
fffffff7
000000b1
0000002f
ffffffb7
00000003
ffffffd3
fffffff7
ffffffc8
ffffffc7
00000062
0000002e
ffffffc4
fffffffa
ffffffd9
00000006
ffffffcf
ffffffdb
00000066
ffffffb5
00000003
fffffffe
00000048
ffffffd1
ffffffb3
00000017
ffffffcd
0000002e
00000068
ffffffd4
00000013
00000031
0000002f
00000003
ffffffa8
ffffffd7
ffffffdb
00000080
0000001b
00000009
0000002a
ffffffcd
00000057
ffffffc7
00000020
fffffffb
0000000d
00000013
00000018
fffffff1
0000001a
ffffffee
fffffff8
00000040
0000005f
ffffffe9
fffffff4
0000009c
0000000a
ffffffd1
ffffffdf
0000001b
0000002e
00000018
0000001f
ffffffc7
ffffffab
0000009d
00000057
0000002f
ffffffc9
ffffffc1
00000054
ffffffd9
00000034
0000001f
ffffffbc
00000032
ffffffc3
ffffffd6
ffffffff
ffffffaa
00000019
00000010
00000066
00000024
ffffffd0
00000011
ffffffbc
00000009
ffffffd1
ffffffc9
ffffffb2
000000ad
00000008
ffffff95
fffffff8
ffffffc2
fffffff6
0000001c
ffffffe0
00000022
fffffff1
0000002d
ffffffe0
ffffffaf
ffffffb4
00000026
ffffffc3
0000003a
ffffffd6
ffffffcc
0000001c
ffffffdc
00000004
fffffff7
0000001e
ffffffae
00000033
fffffffb
00000007
00000010
00000072
00000052
0000000f
ffffffe2
ffffffbd
0000001c
ffffffed
0000006a
0000004b
00000006
ffffffef
ffffffbf
fffffff6
00000016
ffffffd5
ffffffea
ffffffae
00000003
ffffffdf
ffffffc5
0000005e
00000089
0000006b
ffffffe2
ffffffb1
0000001a
ffffffd7
0000004e
0000001f
ffffffdb
ffffffd9
ffffffd6
00000025
00000029
0000000c
0000001d
0000005c
ffffffdc
00000019
00000012
ffffffda
fffffff2
00000034
00000008
ffffffc1
0000000a
ffffffee
ffffffcf
ffffffe2
fffffff7
fffffffa
0000000e
00000008
000000bd
0000001e
ffffffd1
0000003b
0000000d
ffffffbb
00000006
ffffffac
fffffffa
ffffffff
00000056
ffffffb2
0000001d
00000016
00000006
ffffffea
ffffffce
ffffffe0
00000016
0000001a
ffffffe7
ffffffc8
00000027
ffffffd4
ffffffc5
ffffffd3
ffffffc4
ffffffd0
0000000d
ffffffd1
ffffffc3
00000022
fffffffb
ffffffdd
00000036
0000001b
ffffffa1
00000014
00000036
fffffffc
ffffffc1
ffffffd3
fffffff0
fffffff6
00000042
ffffffda
ffffffd2
0000004b
ffffffd5
00000001
ffffffb8
00000017
0000002a
00000013
ffffffc9
00000021
00000011
ffffffcc
ffffffd2
00000015
ffffffc0
00000093
ffffffb9
ffffffcc
ffffffc1
00000007
00000015
ffffffeb
000000aa
0000004f
ffffffef
ffffffec
00000063
00000064
ffffffd9
0000005e
ffffffc8
ffffffd3
fffffffc
00000002
00000021
00000046
fffffff8
ffffffd2
0000002b
0000004d
00000004
00000008
fffffff1
ffffffe3
000000ac
ffffffd4
ffffffea
0000003b
ffffffba
00000019
00000078
00000016
fffffff4
0000008b
0000008e
ffffffff
ffffffd6
0000007b
ffffffc5
0000002c
ffffffc8
ffffffbe
ffffffd6
ffffffcc
0000001e
fffffff8
ffffffaf
ffffffe3
00000025
ffffffe2
00000089
00000012
ffffffd5
0000001c
ffffffc2
ffffffc6
ffffffd0
00000001
00000024
ffffffd7
ffffffd1
00000022
ffffffcf
ffffffda
0000000e
ffffffe4
0000002d
0000005b
00000048
fffffff8
00000021
ffffffe9
ffffffcd
00000016
ffffffd9
0000005d
ffffffe6
0000008e
0000003f
ffffffc5
00000022
ffffffc4
00000030
ffffffba
ffffffe8
ffffffb0
ffffffac
ffffffb7
ffffffe5
ffffffc9
ffffffcc
00000005
0000001e
0000000a
ffffffeb
0000000f
00000011
ffffffd3
0000004f
ffffffc6
00000037
ffffffda
00000001
ffffffe4
0000000d
ffffffc0
00000006
00000052
ffffffbb
ffffffd6
0000002a
00000068
ffffffd0
ffffffb6
00000026
ffffffcf
00000086
0000005f
ffffffdc
ffffffd8
ffffffdf
ffffffc2
ffffffc5
ffffffe7
ffffffd5
0000004a
ffffffec
00000020
0000001c
00000007
ffffffd1
ffffffe7
ffffffc4
ffffffe2
fffffff0
ffffffdb
00000002
ffffffd8
ffffffff
ffffffe0
00000021
00000022
00000052
ffffffca
fffffff7
000000b7
00000030
ffffffb1
fffffff9
ffffffd4
fffffff5
ffffffcf
ffffffc9
0000006d
00000035
ffffffbf
fffffffd
ffffffcf
00000005
ffffffce
ffffffdf
00000076
ffffffb6
fffffff3
fffffffe
00000051
ffffffd4
ffffffbb
0000000e
ffffffc1
00000031
0000006c
ffffffd2
00000003
00000024
0000003d
00000010
ffffff9a
ffffffcd
ffffffd0
00000088
00000031
00000009
00000030
ffffffd0
00000057
ffffffd9
0000002d
fffffffa
0000000d
0000000d
00000019
ffffffe9
00000012
ffffffed
fffffff1
00000043
0000006b
ffffffe6
fffffff0
000000a1
00000009
ffffffd3
ffffffdd
00000027
00000030
00000021
00000027
ffffffc1
ffffffa5
000000a8
0000004e
0000002e
ffffffc8
ffffffbd
00000048
ffffffd9
0000003b
00000021
ffffffbd
0000003c
ffffffcd
ffffffd9
0000000d
ffffffae
0000001c
00000011
00000065
00000029
ffffffd1
0000000b
ffffffbf
00000018
ffffffd3
ffffffc7
ffffffbc
000000bd
fffffffa
ffffff97
ffffffee
ffffffc2
ffffffe8
0000001c
ffffffd6
00000022
ffffffec
0000003e
ffffffdc
ffffffa7
ffffffb5
00000023
ffffffc6
0000003e
ffffffd1
ffffffcb
00000015
ffffffed
00000002
fffffffa
00000014
ffffffb5
00000035
fffffffb
00000016
00000011
0000006a
00000047
0000000b
ffffffee
ffffffb3
0000001d
ffffffdd
00000065
00000057
00000009
ffffffec
ffffffc2
ffffffee
00000010
ffffffd0
ffffffe3
ffffffa7
00000004
ffffffe5
ffffffbd
00000068
0000008e
00000077
ffffffdd
ffffffb0
00000013
ffffffd1
00000049
00000028
ffffffd4
ffffffd5
ffffffd7
0000001e
0000002c
00000005
00000015
00000066
ffffffdb
00000019
00000010
ffffffdb
ffffffe6
0000002a
00000008
ffffffbf
0000000e
ffffffef
ffffffcc
ffffffd5
ffffffe6
fffffff9
00000015
fffffff9
000000ba
00000022
ffffffd7
00000032
00000007
ffffffc3
fffffffa
ffffffad
fffffffc
00000005
00000059
ffffffb2
0000001f
0000001f
0000000c
ffffffe8
ffffffcd
ffffffdd
00000012
00000020
ffffffe9
ffffffc4
0000002b
ffffffd3
ffffffc2
ffffffca
ffffffc1
ffffffcf
0000000a
ffffffc0
ffffffc3
00000015
fffffffa
ffffffd9
0000003f
00000022
ffffff9f
0000000d
00000037
fffffff9
ffffffc2
ffffffc7
ffffffe8
ffffffe9
0000004c
ffffffd8
ffffffca
0000004f
ffffffda
ffffffee
ffffffb6
fffffffd
0000002e
00000015
ffffffcb
00000023
00000017
ffffffcd
ffffffc6
00000007
ffffffc0
0000008c
ffffffb5
ffffffd0
ffffffc7
fffffffb
0000001f
ffffffea
000000ba
0000004c
ffffffec
ffffffe3
00000065
00000073
ffffffe6
00000064
ffffffba
ffffffd5
0000000c
00000011
00000025
00000050
fffffff6
ffffffd4
00000022
0000004b
fffffff9
00000006
fffffff1
ffffffe2
000000ba
ffffffd4
ffffffee
0000004c
ffffffbc
0000001d
0000007e
00000026
ffffffeb
00000091
00000093
fffffff9
ffffffda
00000088
ffffffb8
0000003d
ffffffc7
ffffffbe
ffffffd4
ffffffc9
0000001e
fffffffa
ffffffa7
ffffffed
0000001c
ffffffe7
0000008f
0000000e
ffffffd8
0000002c
ffffffc2
ffffffc4
ffffffc4
00000001
00000021
ffffffd6
ffffffbe
00000029
ffffffcb
ffffffde
00000008
ffffffe4
00000025
00000050
0000004c
fffffff4
00000015
ffffffe7
ffffffbc
00000013
ffffffd2
00000066
ffffffe3
0000009b
0000004b
ffffffcb
0000001d
ffffffc3
0000001b
ffffffb9
ffffffe8
ffffffae
ffffffa1
ffffffb0
ffffffe6
ffffffd0
ffffffc0
00000004
0000001a
00000015
fffffff3
00000002
00000023
ffffffd3
00000038
ffffffc0
00000037
ffffffe1
fffffffa
ffffffe0
00000005
ffffffc9
00000000
00000054
ffffffc0
ffffffdc
0000002f
00000061
ffffffd2
ffffffb3
0000001c
ffffffd3
00000091
00000066
ffffffe3
ffffffdb
ffffffd5
ffffffba
ffffffc7
ffffffdd
ffffffd4
00000051
ffffffea
00000016
00000017
0000000c
ffffffca
ffffffea
ffffffc4
ffffffe4
ffffffea
ffffffd6
00000007
ffffffd6
00000009
ffffffde
00000014
00000021
0000005a
ffffffbc
fffffffd
000000bb
00000040
ffffffab
fffffff7
ffffffd5
fffffffb
ffffffc7
ffffffc6
00000069
00000034
ffffffc0
fffffff5
ffffffd4
fffffffc
ffffffc9
ffffffdc
00000075
ffffffb2
fffffff5
00000009
0000005e
ffffffd0
ffffffb1
00000014
ffffffc3
0000002c
00000074
ffffffc4
00000012
00000039
00000030
00000005
ffffff99
ffffffce
ffffffcb
0000008d
00000023
00000016
00000028
ffffffca
00000058
ffffffcb
00000023
00000001
00000013
00000018
00000018
fffffff6
00000028
ffffffde
fffffff2
0000003d
00000067
ffffffec
fffffff1
0000009b
0000000a
ffffffca
ffffffe1
00000024
00000022
00000017
00000021
ffffffc7
ffffffa4
000000a9
00000051
0000002e
ffffffca
ffffffb2
0000004f
ffffffda
00000037
0000002e
ffffffb4
0000003c
ffffffc5
ffffffce
0000000b
ffffff9f
0000002b
00000022
00000076
00000029
ffffffca
00000013
ffffffbd
00000012
ffffffce
ffffffce
ffffffb6
000000be
00000009
ffffff89
ffffffe8
ffffffbe
ffffffe3
0000002e
ffffffd7
00000020
fffffff8
0000002d
ffffffe1
ffffffa8
ffffffb2
00000010
ffffffc4
00000047
ffffffcf
ffffffce
0000001a
ffffffea
fffffffe
fffffff2
00000016
ffffffae
0000002c
00000002
00000006
0000001a
00000076
00000048
0000000c
ffffffee
ffffffb1
00000020
ffffffe2
00000069
00000057
fffffffc
fffffff1
ffffffb7
ffffffec
00000019
ffffffd0
fffffff4
ffffffae
00000000
ffffffde
ffffffbc
0000005b
00000094
00000068
ffffffe2
ffffffa6
0000000e
ffffffc5
0000004e
00000022
ffffffdb
ffffffd4
ffffffd5
0000001d
0000002b
0000000f
00000011
0000005d
ffffffda
00000017
00000014
ffffffd9
ffffffee
0000002d
0000001b
ffffffc1
0000000a
ffffffed
ffffffd3
ffffffe5
00000002
fffffff9
00000012
0000000e
000000b9
0000002b
ffffffc9
00000046
0000000c
ffffffbc
fffffff4
ffffffb4
fffffffb
00000003
00000058
ffffffab
0000001c
00000019
0000000e
ffffffe4
ffffffce
ffffffe0
00000007
0000001c
ffffffe6
ffffffc6
00000028
ffffffcf
ffffffc2
ffffffc6
ffffffbd
ffffffd2
0000000d
ffffffc5
ffffffbd
00000021
fffffffd
ffffffdc
00000047
00000026
ffffff95
0000000e
0000003f
fffffff5
ffffffbb
ffffffc1
fffffff2
fffffff0
0000004c
ffffffd7
ffffffcc
00000058
ffffffd1
fffffff4
ffffffad
00000013
00000033
00000014
ffffffcc
0000001d
0000001b
ffffffc7
ffffffc5
0000000c
ffffffb9
0000008e
ffffffac
ffffffca
ffffffc4
ffffffff
00000007
ffffffea
000000c1
00000052
ffffffeb
ffffffed
00000069
0000007f
ffffffda
00000068
ffffffbf
ffffffc9
00000001
00000001
00000025
00000058
fffffffb
ffffffd5
00000023
00000056
00000009
00000000
ffffffed
fffffff0
000000c4
ffffffd8
ffffffec
0000005a
ffffffb9
00000021
00000087
00000017
fffffff7
0000008f
00000094
00000002
ffffffdd
00000081
ffffffb4
00000025
ffffffcf
ffffffbb
ffffffcc
ffffffc9
00000019
00000002
ffffffb0
ffffffec
0000001e
ffffffe4
00000097
0000001d
ffffffd6
00000031
ffffffc3
ffffffc6
ffffffcd
fffffffd
00000026
ffffffd4
ffffffc1
00000027
ffffffce
ffffffd8
00000007
ffffffe0
00000039
0000005d
00000051
fffffff4
0000001f
ffffffe8
ffffffc5
00000027
ffffffd0
00000067
ffffffe1
0000009c
00000045
ffffffc3
0000002c
ffffffc2
00000025
ffffffb8
ffffffe7
ffffffb0
ffffff96
ffffffb8
fffffff0
ffffffcf
ffffffd6
0000000a
0000001e
00000007
fffffff0
00000000
0000000b
ffffffca
0000003e
ffffffb6
0000002f
ffffffef
ffffffe8
ffffffe8
00000000
ffffffce
00000004
00000076
ffffffb9
ffffffd9
00000033
00000066
ffffffd4
ffffffc6
0000001f
ffffffcd
000000a0
00000069
ffffffe5
ffffffd8
ffffffe1
ffffffb9
ffffffbf
ffffffd2
ffffffd0
00000047
fffffff6
00000018
00000013
fffffffb
ffffffce
ffffffed
ffffffbc
ffffffdc
fffffff2
ffffffd8
fffffffa
ffffffdc
00000001
ffffffe2
0000001a
0000001d
00000055
ffffffdc
fffffff8
000000c5
00000044
ffffffa6
fffffff0
ffffffc5
ffffffff
ffffffcd
ffffffc7
00000073
0000002b
ffffffc9
ffffffe7
ffffffc1
fffffffc
ffffffd6
ffffffe6
0000006f
ffffffb0
00000000
00000002
00000063
ffffffdd
ffffffba
00000014
ffffffc6
0000003b
00000072
ffffffbc
00000005
00000026
00000031
fffffffa
ffffff98
ffffffc2
ffffffdb
00000094
0000001e
00000007
00000018
ffffffd6
00000054
ffffffbf
00000034
00000006
00000014
00000011
00000017
fffffffb
00000012
fffffff5
ffffffed
0000004d
0000006a
ffffffe3
fffffff5
000000bd
00000016
ffffffcd
ffffffee
0000002b
0000002e
0000001c
0000001a
ffffffc3
ffffffa0
000000ae
0000005b
00000034
ffffffcb
ffffffaf
0000004f
ffffffcc
0000003f
0000002e
ffffffc6
00000046
ffffffb4
ffffffd2
0000000a
ffffffa7
00000029
00000011
00000069
00000016
ffffffcf
0000001b
ffffffbc
00000010
ffffffd0
ffffffd0
ffffffad
000000b6
fffffff3
ffffff8a
ffffffee
ffffffbc
ffffffeb
00000032
ffffffd1
0000001e
00000002
0000003a
ffffffdf
ffffffa5
ffffffb1
0000002b
ffffffc2
00000042
ffffffcf
ffffffcd
0000001f
fffffff5
fffffffb
fffffffc
00000024
ffffffb2
0000003c
0000000c
00000007
0000001d
00000074
0000004b
00000001
fffffff4
ffffffb8
00000010
ffffffdc
00000074
00000065
fffffff7
ffffffe8
ffffffcc
ffffffe9
00000006
ffffffca
ffffffdd
ffffffbe
0000000d
ffffffe2
ffffffb7
0000006b
0000008f
0000007e
ffffffd4
ffffffa6
00000017
ffffffc2
0000004a
00000015
ffffffcf
ffffffd3
ffffffdb
00000029
00000030
00000016
00000000
00000053
ffffffdd
0000001e
00000031
fffffff1
ffffffe7
00000032
00000005
ffffffb8
00000000
ffffffee
ffffffd3
ffffffe7
ffffffe9
fffffff9
00000011
00000006
000000b9
00000028
ffffffbb
00000050
ffffffff
ffffffae
fffffffb
ffffffab
0000000f
00000007
0000005f
ffffffa3
00000021
0000000e
00000016
ffffffd1
ffffffd5
ffffffe5
00000008
00000017
ffffffe3
ffffffcd
00000030
ffffffcd
ffffffbf
ffffffba
ffffffb7
ffffffe2
00000019
ffffffcb
ffffffbe
0000000b
ffffffeb
ffffffde
0000004b
00000027
ffffff96
00000014
00000031
ffffffef
ffffffbb
ffffffcc
fffffff1
fffffff5
00000042
ffffffe1
ffffffd9
0000005e
ffffffc8
fffffffe
ffffffb3
00000005
00000039
0000001e
ffffffd3
0000001d
0000001c
ffffffc7
ffffffbe
00000012
ffffffaf
00000087
ffffffac
ffffffcc
ffffffb7
00000015
fffffff9
ffffffe9
000000c5
00000055
fffffff2
fffffffc
00000064
00000079
ffffffde
00000060
ffffffbe
ffffffc5
00000009
fffffff5
00000021
00000062
fffffff0
ffffffc5
00000031
00000054
00000011
fffffff7
fffffff2
ffffffe6
000000b4
ffffffde
ffffffef
00000056
ffffffbf
00000024
00000083
0000001b
ffffffeb
00000096
000000ad
ffffffe4
ffffffd0
00000087
ffffffab
00000032
ffffffcc
ffffffc2
ffffffd4
ffffffcd
0000001d
fffffff2
ffffffa6
fffffff0
0000000d
ffffffe9
00000093
0000000e
ffffffd1
0000003b
ffffffa6
ffffffba
ffffffd0
0000000f
0000002b
ffffffd4
ffffffc6
0000002d
ffffffd3
ffffffdc
00000005
ffffffe0
00000025
0000005d
0000004d
ffffffe2
00000027
ffffffe9
ffffffc1
00000029
ffffffd1
0000006a
ffffffdb
00000086
0000003f
ffffffc8
00000032
ffffffb7
0000001f
ffffffbc
ffffffe6
ffffffaa
ffffff90
ffffffaf
ffffffe3
ffffffd6
ffffffda
00000000
00000027
00000004
fffffffe
00000006
00000016
ffffffc4
00000040
ffffffbe
00000039
fffffff2
ffffffed
ffffffe7
fffffffb
ffffffd5
0000000d
00000068
ffffffcb
ffffffda
00000039
0000005f
ffffffcf
ffffffbe
0000001e
ffffffd0
000000a0
0000005e
ffffffc5
ffffffe0
ffffffe1
ffffffb3
ffffffc6
ffffffd6
ffffffc7
00000054
ffffffed
0000001a
00000011
fffffffd
ffffffd1
fffffff0
ffffffb4
ffffffe3
fffffff3
ffffffd8
00000005
ffffffd0
fffffff7
ffffffe2
00000019
00000035
0000004f
ffffffc9
ffffffeb
000000c3
00000040
ffffff9e
ffffffe4
ffffffc2
fffffff4
ffffffc6
ffffffbf
00000065
00000035
ffffffc7
ffffffe5
ffffffca
fffffff1
ffffffc8
ffffffe9
00000078
ffffffb1
fffffffd
00000002
00000068
ffffffe2
ffffffa1
00000021
ffffffc7
00000028
0000006d
ffffffc2
0000000f
00000028
00000036
fffffffd
ffffff97
ffffffcc
ffffffd2
00000098
00000019
00000005
00000027
ffffffe0
0000005b
ffffffd1
0000003d
fffffff2
00000018
00000007
0000001f
ffffffe5
00000012
ffffffec
fffffff5
0000005f
0000005e
ffffffdc
ffffffee
000000ae
00000029
ffffffcb
fffffff2
00000024
0000002b
0000001b
00000019
ffffffc2
ffffff9b
000000b7
00000069
00000032
ffffffc8
ffffffad
00000059
ffffffc4
00000050
00000029
ffffffcd
00000045
ffffffc3
ffffffc7
00000008
ffffff95
00000027
00000019
0000006a
0000002a
ffffffcd
00000014
ffffffbb
00000015
ffffffd0
ffffffd9
ffffffb8
000000c7
0000000e
ffffff8c
ffffffee
ffffffbd
fffffff1
00000037
ffffffe6
00000024
00000001
0000003e
ffffffde
ffffffa0
ffffffb9
00000037
ffffffc4
00000037
ffffffce
ffffffba
0000001f
ffffffeb
00000003
fffffff8
0000001e
ffffffa3
00000033
fffffffd
0000000e
00000029
00000088
00000044
00000006
ffffffea
ffffffad
0000002b
ffffffd8
00000078
00000054
fffffff1
ffffffe8
ffffffcd
ffffffec
00000008
ffffffc9
ffffffe9
ffffffba
00000021
ffffffe0
ffffffcb
00000052
0000008c
0000007e
ffffffcf
ffffffa9
00000017
ffffffc5
00000049
00000022
ffffffce
ffffffd4
ffffffd9
0000002a
00000027
00000008
00000005
00000053
ffffffdc
00000026
00000030
fffffffb
ffffffdd
00000040
00000009
ffffffc0
00000001
ffffffee
ffffffc7
ffffffe8
ffffffe7
fffffff9
0000001f
00000009
000000c6
0000001a
ffffffc6
00000049
00000000
ffffffb2
00000000
ffffff98
00000009
00000007
00000055
ffffff9c
00000020
00000010
0000001c
ffffffcf
ffffffd7
fffffff2
0000000b
0000001c
ffffffe2
ffffffb7
00000029
ffffffcd
ffffffbb
ffffffb5
ffffffb9
ffffffd2
0000001d
ffffffbc
ffffffaf
00000016
ffffffff
ffffffd7
0000004a
0000002b
ffffff94
0000001a
00000046
ffffffda
ffffffb3
ffffffcc
fffffff2
0000001b
00000041
ffffffcd
ffffffdb
00000058
ffffffca
00000001
ffffffc0
0000000b
0000002f
0000000f
ffffffcd
0000002c
fffffff4
ffffffcf
ffffffc1
00000008
ffffffb6
00000092
ffffffab
ffffffce
ffffffb5
00000007
ffffffff
ffffffe6
000000c7
00000051
ffffffdd
fffffff2
0000005d
00000072
ffffffdf
00000053
ffffffc4
ffffffd3
00000003
ffffffee
00000027
00000067
fffffffb
ffffffbd
00000043
00000060
00000002
fffffffa
ffffffef
ffffffeb
000000be
ffffffd2
ffffffef
00000059
ffffffba
00000027
0000007a
0000001d
ffffffe5
00000093
000000b1
fffffff0
ffffffd2
00000095
ffffffa4
00000036
ffffffd2
ffffffc0
ffffffd2
ffffffc7
00000021
00000003
ffffffa9
fffffff5
00000015
ffffffd0
0000008c
00000016
ffffffde
00000048
ffffffa4
ffffffb2
ffffffd6
00000006
0000002d
ffffffd4
ffffffc0
00000030
ffffffc5
ffffffde
00000012
ffffffdd
00000022
00000065
0000005f
ffffffe2
0000002a
ffffffe7
ffffffc9
00000025
ffffffcc
00000073
ffffffdb
0000009f
00000045
ffffffcb
0000001e
ffffffc8
0000002d
ffffffb3
fffffff3
ffffffb4
ffffffa1
ffffffb6
ffffffe8
ffffffd1
ffffffd6
0000000f
0000002e
00000016
fffffff3
fffffffd
fffffffb
ffffffce
00000038
ffffffc2
0000002c
fffffffb
fffffff2
fffffff4
fffffffa
ffffffcc
00000011
00000063
ffffffc4
ffffffe3
0000002a
00000071
ffffffd4
ffffffcb
0000001d
ffffffd3
0000008a
00000055
ffffffd4
ffffffd8
ffffffea
ffffffbc
ffffffd2
ffffffde
ffffffd8
00000055
ffffffeb
00000028
0000000b
0000000a
ffffffda
fffffff9
ffffffb8
ffffffe2
ffffffec
ffffffd9
ffffffee
ffffffdf
00000001
ffffffe4
00000029
00000028
00000058
ffffffd9
ffffffdd
000000c0
0000003c
ffffffb4
fffffff3
ffffffbb
fffffffd
ffffffc4
ffffffc9
00000069
0000002d
ffffffc9
ffffffe9
ffffffd1
ffffffea
ffffffd2
ffffffea
00000072
ffffffb4
00000014
00000002
00000061
ffffffdc
ffffffb2
00000014
ffffffc5
00000025
00000066
ffffffc2
0000000b
00000027
00000028
00000000
ffffffad
ffffffd0
ffffffdc
00000091
00000020
fffffff9
0000001b
ffffffdf
0000004f
ffffffbe
0000002a
fffffffe
00000006
00000007
0000000d
fffffff6
00000011
fffffffa
fffffff2
0000005b
00000068
ffffffd8
fffffffc
000000ab
00000014
ffffffc7
fffffff0
0000002e
0000002a
00000023
00000019
ffffffc1
ffffffab
000000a6
00000057
00000030
ffffffc8
ffffffb4
0000004b
ffffffd6
00000044
00000011
ffffffce
00000044
ffffffc8
ffffffd5
00000002
ffffffab
00000013
00000016
0000005f
00000025
ffffffd5
00000022
ffffffc8
0000001c
ffffffd5
ffffffd3
ffffffbe
000000b0
00000000
ffffff97
0000000a
ffffffc5
fffffffc
00000021
ffffffd7
00000030
ffffffef
00000039
ffffffe4
ffffff9d
ffffffbc
0000003a
ffffffc3
00000039
ffffffd4
ffffffcc
00000015
fffffff2
00000001
00000007
0000001c
ffffffa6
0000003a
00000000
00000010
00000015
00000076
0000004f
00000015
ffffffee
ffffffbd
0000002c
ffffffd8
00000064
00000053
0000000d
ffffffeb
ffffffce
ffffffe3
00000006
ffffffce
ffffffe6
ffffffc7
00000004
ffffffe3
ffffffcb
00000064
0000008e
00000070
ffffffca
ffffffb2
00000019
ffffffce
00000049
0000001d
ffffffc6
ffffffd4
ffffffda
0000002b
00000021
00000005
00000016
00000056
ffffffe1
00000018
00000022
fffffff8
ffffffe6
00000032
00000005
ffffffbb
00000008
ffffffef
ffffffcf
ffffffe3
fffffff7
fffffff9
0000000a
00000000
000000af
00000019
ffffffc6
00000040
0000000a
ffffffbe
ffffffff
ffffffa6
00000000
00000008
00000051
ffffffac
00000015
00000011
0000000d
ffffffdf
ffffffd8
ffffffea
0000000b
00000018
ffffffe3
ffffffc3
00000021
ffffffd7
ffffffbd
ffffffbe
ffffffbc
ffffffd6
00000010
ffffffbf
ffffffc2
0000001f
ffffffe5
ffffffdc
00000046
0000002f
ffffffa5
00000019
0000002f
ffffffed
ffffffbe
ffffffd0
fffffff0
fffffffd
0000002e
ffffffdb
ffffffda
00000044
ffffffca
fffffffb
ffffffb6
fffffff7
00000028
0000000d
ffffffc6
0000001d
fffffffe
ffffffd9
ffffffc4
00000012
ffffffb9
0000008d
ffffffad
ffffffcf
ffffffc6
00000011
0000000a
ffffffe9
000000c1
00000053
ffffffed
fffffff6
00000050
0000006b
ffffffdb
00000055
ffffffcd
ffffffd2
0000000e
fffffffb
00000022
00000066
fffffff6
ffffffc6
00000020
00000045
00000011
00000003
ffffffef
ffffffeb
000000ba
ffffffd4
ffffffee
00000056
ffffffbe
00000012
0000007d
0000002b
fffffff6
00000092
000000a7
fffffff5
ffffffe0
00000087
ffffffa1
0000002e
ffffffc9
ffffffc8
ffffffda
ffffffde
00000024
ffffffff
ffffffae
ffffffec
0000001a
ffffffd7
00000083
00000016
ffffffdc
0000002f
ffffffad
ffffffc1
ffffffd9
00000013
00000026
ffffffdb
ffffffc5
00000025
ffffffd3
ffffffdd
00000005
ffffffe1
0000002c
00000066
00000043
ffffffdd
00000025
ffffffe6
ffffffc1
00000020
ffffffcb
0000005f
ffffffe1
00000078
0000004c
ffffffc8
0000001e
ffffffd8
00000031
ffffffc0
ffffffeb
ffffffb2
ffffffae
ffffffb8
ffffffe5
ffffffc6
ffffffca
0000000e
0000000f
00000015
ffffffe1
0000000b
00000025
ffffffe2
0000003c
ffffffbd
0000003b
ffffffe6
0000000e
fffffff0
0000001d
ffffffb9
00000012
00000061
ffffffab
ffffffeb
0000003a
0000005d
ffffffd3
ffffffb2
00000028
ffffffc9
00000091
00000057
ffffffc6
ffffffd7
ffffffe1
ffffffc6
ffffffcb
fffffff2
ffffffd5
0000003c
ffffffe7
00000025
00000005
00000023
ffffffc9
ffffffd5
ffffffbf
ffffffe1
ffffffdc
ffffffd8
fffffff8
ffffffd4
00000004
ffffffde
0000002f
00000029
0000005b
ffffffc3
fffffff6
000000bd
0000002a
ffffffb6
00000001
ffffffd5
0000000e
ffffffcf
ffffffcb
00000066
00000035
ffffffc4
fffffffe
ffffffce
fffffff9
ffffffcf
ffffffe4
00000063
ffffffae
fffffffc
00000005
0000004c
ffffffc8
ffffffba
0000000f
ffffffc2
00000033
0000007b
ffffffd4
0000000a
00000041
0000003a
0000000e
ffffffa0
ffffffca
ffffffd2
00000085
00000035
00000010
00000030
ffffffd2
00000058
ffffffd3
0000001a
00000001
00000003
00000029
00000018
00000008
00000014
ffffffdf
ffffffed
0000002f
00000069
ffffffea
00000004
0000009e
fffffff9
ffffffce
ffffffdf
00000029
00000026
00000014
00000030
ffffffc3
ffffffa9
000000b0
0000004a
00000021
ffffffca
ffffffbf
00000042
ffffffe3
0000003b
00000019
ffffffb2
00000037
ffffffd1
ffffffd8
00000006
ffffffad
00000014
00000011
00000064
00000021
ffffffd5
00000006
ffffffc7
00000006
ffffffd3
ffffffbc
ffffffbf
000000c4
fffffff5
ffffff9a
0000000f
ffffffbe
ffffffe1
0000002f
ffffffcc
00000014
00000007
0000003a
ffffffda
ffffffa2
ffffffb7
0000001f
ffffffc9
00000049
ffffffd4
ffffffb9
fffffffe
ffffffef
fffffff8
fffffff5
00000017
ffffffb3
00000035
00000001
0000001e
0000000e
00000060
00000053
00000017
ffffffff
ffffffbc
0000001c
ffffffd9
00000069
00000056
00000008
ffffffe5
ffffffcd
ffffffe3
00000018
ffffffd3
fffffff3
ffffff9f
fffffffe
ffffffe1
ffffffbd
00000074
00000090
00000074
ffffffd7
ffffff9e
0000000e
ffffffd2
00000031
00000031
ffffffcc
ffffffd2
ffffffd6
00000014
00000039
0000001e
00000016
0000005b
ffffffe0
00000012
0000000e
ffffffd7
ffffffe2
00000022
00000001
ffffffbf
0000000f
ffffffef
ffffffd5
ffffffd8
fffffff1
fffffff9
0000000c
ffffffff
000000b7
0000002a
ffffffc8
00000045
0000000c
ffffffbe
00000001
ffffffb8
fffffff8
00000006
0000005c
ffffffbf
00000013
00000017
0000000a
fffffff7
ffffffbe
ffffffd8
00000015
00000012
ffffffe5
ffffffc3
0000002e
ffffffd1
ffffffbb
ffffffcb
ffffffc0
ffffffe4
00000002
ffffffc1
ffffffd3
0000001a
00000005
ffffffe0
00000043
00000021
ffffffa3
00000003
00000027
fffffff8
ffffffc9
ffffffc6
ffffffd7
ffffffe7
00000055
ffffffe0
ffffffd3
00000052
ffffffd8
fffffff0
ffffffad
fffffffd
00000040
00000017
ffffffcd
00000032
00000030
ffffffc4
ffffffcd
0000001a
ffffffba
00000090
ffffffc0
ffffffd0
ffffffcd
0000000a
00000018
ffffffeb
000000b7
00000044
fffffffc
ffffffe2
0000005c
00000074
ffffffda
00000058
ffffffaf
ffffffc5
00000002
00000005
0000001d
0000004b
00000004
ffffffce
0000001e
00000043
0000000f
fffffffd
fffffff5
ffffffe8
000000ba
ffffffd5
fffffff1
00000047
ffffffbb
00000020
00000086
00000021
00000001
0000008c
000000a2
fffffffa
ffffffe4
00000089
ffffffc8
0000003d
ffffffb8
ffffffba
ffffffd9
ffffffcf
00000015
00000000
ffffffa2
ffffffe1
00000022
ffffffe1
0000008d
0000000d
ffffffd1
0000002b
ffffffcd
ffffffca
ffffffc9
0000000d
00000016
ffffffd9
ffffffc4
0000001f
ffffffcd
ffffffdc
00000008
ffffffe0
00000020
00000050
00000043
ffffffff
0000000f
ffffffe9
ffffffc4
00000012
ffffffd8
00000068
ffffffd5
00000089
0000003c
ffffffc7
00000029
ffffffce
00000028
ffffffbd
fffffff4
ffffffab
ffffff9e
ffffffaf
ffffffef
ffffffd7
ffffffcf
00000006
0000000a
00000011
ffffffef
0000000f
0000001f
ffffffce
00000036
ffffffbf
00000034
fffffff8
fffffffc
ffffffe6
0000000a
ffffffcd
00000004
00000067
ffffffbc
ffffffdf
00000035
0000005d
ffffffd0
ffffffb6
0000001c
ffffffca
00000099
00000065
ffffffda
ffffffdc
ffffffdd
ffffffbd
ffffffc1
ffffffe0
ffffffd6
00000049
fffffff9
0000001b
00000010
00000011
ffffffc9
ffffffe2
ffffffc0
ffffffe9
ffffffdd
ffffffd9
00000004
ffffffdc
00000007
ffffffe3
00000018
00000024
00000055
ffffffc9
fffffff6
000000c2
00000039
ffffffa7
fffffffb
ffffffd5
fffffffc
ffffffc8
ffffffbd
00000070
00000032
ffffffc1
fffffffa
ffffffcc
fffffff7
ffffffd3
ffffffea
00000073
ffffffa8
00000006
00000007
00000068
ffffffd3
ffffffaf
00000018
ffffffc5
0000002e
00000071
ffffffcb
00000012
00000035
00000032
00000004
ffffffa0
ffffffc9
ffffffcc
00000088
0000001e
0000000e
00000023
ffffffdb
0000004a
ffffffc6
0000001e
00000007
00000007
00000020
0000001e
fffffffa
0000001e
ffffffee
ffffffe9
00000046
00000064
ffffffeb
ffffffee
0000009f
00000009
ffffffce
ffffffda
00000021
0000002d
0000001a
00000024
ffffffc4
ffffffa6
000000b4
00000056
00000026
ffffffcb
ffffffb8
0000004d
ffffffd3
0000003f
0000002a
ffffffc1
00000049
ffffffc6
ffffffce
ffffffff
ffffff9f
0000001c
00000010
00000069
0000002e
ffffffcd
00000012
ffffffbe
00000007
ffffffcf
ffffffcd
ffffffb3
000000c3
00000001
ffffff98
fffffffa
ffffffbd
ffffffe3
00000031
ffffffd5
0000000f
ffffffeb
00000031
ffffffd9
ffffffb2
ffffffb9
0000001b
ffffffc5
0000004a
ffffffd1
ffffffca
00000019
fffffff8
ffffffe9
fffffff0
00000018
ffffffae
0000002e
0000000a
00000001
0000001b
00000080
00000051
00000012
ffffffee
ffffffb6
0000001a
ffffffe2
00000073
0000005a
fffffffe
fffffff8
ffffffbe
ffffffe9
0000000c
ffffffc8
ffffffe6
ffffffac
00000008
ffffffdf
ffffffc8
0000006b
0000008c
0000006e
ffffffdb
ffffff9c
0000000f
ffffffca
00000042
0000002b
ffffffd1
ffffffd2
ffffffd8
0000001a
00000035
0000001f
0000000e
00000059
ffffffdd
00000018
0000001c
ffffffed
ffffffdc
00000034
0000000a
ffffffcb
00000002
ffffffee
ffffffd2
ffffffee
00000000
fffffff9
00000019
00000008
000000c2
0000002a
ffffffc8
00000043
0000000c
ffffffb7
00000003
ffffffb3
00000006
00000000
00000051
ffffffa1
00000018
00000026
00000008
ffffffde
ffffffcf
ffffffeb
00000006
0000001c
ffffffe1
ffffffba
0000002f
ffffffd0
ffffffc4
ffffffc3
ffffffbd
ffffffdd
00000005
ffffffc1
ffffffc1
0000001d
fffffffd
ffffffdf
0000004a
00000020
ffffff9b
00000003
00000034
fffffff2
ffffffc4
ffffffc2
ffffffe2
fffffffe
00000054
ffffffd9
ffffffd6
0000004b
ffffffd6
fffffff0
ffffffad
00000017
0000003d
0000000d
ffffffc9
00000030
00000014
ffffffbd
ffffffc5
00000019
ffffffb8
0000009a
ffffffb6
ffffffce
ffffffbb
00000003
fffffffe
ffffffe9
000000ba
0000005b
fffffff2
fffffff1
00000064
0000007e
ffffffda
00000061
ffffffbf
ffffffbc
fffffffb
fffffff8
00000030
00000057
fffffffd
ffffffc7
0000003e
00000051
00000003
fffffff8
fffffff5
fffffff0
000000c2
ffffffd9
ffffffec
00000051
ffffffb6
00000022
00000080
00000018
00000000
0000008f
000000b4
00000003
ffffffca
0000008a
ffffffbb
0000003d
ffffffd0
ffffffbb
ffffffd6
ffffffc8
00000016
fffffffa
ffffffa5
ffffffef
0000001d
ffffffd8
00000096
00000016
ffffffe2
00000023
ffffffb1
ffffffba
ffffffd7
00000005
00000027
ffffffd4
ffffffc3
00000025
ffffffc2
ffffffda
00000005
ffffffe3
0000002b
0000005e
00000050
fffffff3
0000001a
ffffffe7
ffffffc7
00000022
ffffffcb
0000006c
ffffffd1
0000009d
00000041
ffffffd2
0000000f
ffffffd9
00000017
ffffffbc
ffffffe8
ffffffab
ffffff9f
ffffffaf
ffffffdc
ffffffd5
ffffffdf
ffffffff
0000001d
00000027
fffffff6
0000000c
0000001f
ffffffcd
0000002f
ffffffc8
0000002d
ffffffef
00000002
ffffffe4
00000006
ffffffdf
00000007
00000050
ffffffc1
ffffffeb
0000002b
0000005b
ffffffd5
ffffffb8
00000020
ffffffd9
0000008c
0000005b
ffffffd1
ffffffe2
ffffffdd
ffffffba
ffffffd1
ffffffe9
ffffffd5
00000046
fffffff9
00000029
0000000f
00000012
ffffffce
ffffffe8
ffffffd0
fffffff4
ffffffe1
ffffffda
00000004
ffffffd2
0000000c
ffffffe4
00000014
0000002b
0000005a
ffffffc7
ffffffed
000000b4
0000002d
ffffffb3
00000000
ffffffd6
00000002
ffffffc3
ffffffba
00000060
00000029
ffffffbf
fffffff5
ffffffd4
fffffffd
ffffffd0
ffffffea
0000006d
ffffffa9
ffffffff
00000003
00000057
ffffffcd
ffffffb0
00000017
ffffffc8
00000031
00000068
ffffffc4
00000019
00000048
0000002b
00000015
ffffffa3
ffffffd3
ffffffc9
00000083
00000018
00000011
0000002a
ffffffd2
00000055
ffffffc2
00000013
fffffff8
00000009
00000021
00000020
fffffff3
0000001e
ffffffef
fffffff0
00000044
00000058
fffffff1
fffffff6
00000091
00000008
ffffffcc
ffffffdd
00000021
00000025
00000011
0000001b
ffffffc5
ffffffb2
000000ab
0000004e
00000021
ffffffca
ffffffb7
00000048
ffffffe2
00000040
00000022
ffffffbf
00000033
ffffffca
ffffffd8
fffffffe
ffffff96
0000000f
0000001b
00000068
0000002c
ffffffcc
0000000e
ffffffc1
0000001c
ffffffd4
ffffffd3
ffffffb6
000000c3
00000026
ffffff92
ffffffff
ffffffbf
fffffff5
00000030
ffffffe2
0000001a
fffffff3
00000023
ffffffe2
ffffffb2
ffffffb8
0000001d
ffffffc1
0000003b
ffffffd2
ffffffc4
0000001e
fffffff1
fffffff4
00000004
00000019
ffffffa3
00000026
fffffff8
00000008
0000001c
0000007e
00000055
00000021
ffffffdd
ffffffb9
0000001e
ffffffe0
0000006c
00000045
00000008
ffffffec
ffffffc1
ffffffee
00000010
ffffffcc
fffffff6
ffffffb3
0000000a
ffffffde
ffffffd1
0000005a
00000096
0000005d
ffffffd7
ffffff9f
00000014
ffffffca
00000045
0000002f
ffffffcd
ffffffd3
ffffffd7
0000001f
0000002b
00000019
0000001a
0000004f
ffffffdd
0000000f
00000006
ffffffde
ffffffe7
0000003e
0000000e
ffffffcb
00000003
ffffffee
ffffffcc
ffffffe2
00000007
fffffff9
0000001c
00000002
000000c4
00000032
ffffffd4
0000003e
00000009
ffffffc3
ffffffff
ffffffb5
00000003
00000004
00000052
ffffffab
0000000d
0000001d
00000005
ffffffec
ffffffd0
ffffffee
0000000d
0000001a
ffffffe0
ffffffbb
0000002b
ffffffd2
ffffffc6
ffffffcb
ffffffc0
ffffffc8
fffffff7
ffffffc1
ffffffc2
0000002e
00000006
ffffffe0
0000004a
00000023
ffffff9f
00000001
00000048
ffffffe1
ffffffc5
ffffffc0
ffffffee
fffffffd
00000050
ffffffd2
ffffffd4
00000043
ffffffd9
fffffff2
ffffffad
00000012
0000001e
00000008
ffffffce
00000023
0000000d
ffffffb6
ffffffcf
0000000e
ffffffc5
0000009b
ffffffbe
ffffffd0
ffffffc3
fffffffd
00000008
ffffffe9
000000b8
00000056
fffffff3
fffffff5
00000062
00000069
ffffffdc
00000051
ffffffb7
ffffffd6
00000000
fffffff0
0000002a
0000004f
fffffff4
ffffffcc
00000033
00000054
0000000f
00000007
fffffff4
fffffffa
000000b6
ffffffd1
ffffffeb
00000047
ffffffb6
0000000e
0000007a
0000001e
fffffffd
00000088
0000009e
fffffffd
ffffffd1
00000081
ffffffc5
00000034
ffffffd1
ffffffbd
ffffffdb
ffffffd0
0000001b
00000012
ffffffaa
ffffffef
00000020
ffffffd6
0000008f
00000020
ffffffe5
00000033
ffffffc3
ffffffc2
ffffffde
0000000e
00000027
ffffffd6
ffffffce
0000002b
ffffffc6
ffffffd8
00000014
ffffffe6
00000035
00000057
00000050
ffffffef
00000019
ffffffe6
ffffffc0
00000022
ffffffd1
00000062
ffffffd6
0000008d
00000044
ffffffc8
00000028
ffffffcc
00000016
ffffffbb
ffffffe7
ffffffad
ffffff94
ffffffb7
ffffffef
ffffffce
ffffffd8
0000000b
00000027
00000027
ffffffec
0000000c
00000014
ffffffca
00000035
ffffffca
00000029
00000000
fffffff3
ffffffe5
00000009
ffffffdc
0000000b
00000066
ffffffc2
ffffffe4
0000003a
0000005a
ffffffd5
ffffffba
00000020
ffffffca
0000008d
0000005b
ffffffd0
ffffffe6
ffffffdf
ffffffbd
ffffffc9
ffffffe5
ffffffcc
00000039
fffffff5
00000024
00000003
00000013
ffffffdd
ffffffe7
ffffffca
ffffffdf
ffffffeb
ffffffd6
00000006
ffffffd5
0000000b
ffffffe2
00000018
00000024
00000046
ffffffd4
fffffff4
000000b6
00000038
ffffffad
00000000
ffffffd3
fffffff9
ffffffcd
ffffffbd
0000006a
0000002e
ffffffc0
ffffffe1
ffffffcf
fffffff3
ffffffd2
ffffffda
00000070
ffffffac
00000005
fffffffd
0000005c
ffffffde
ffffffad
00000015
ffffffc4
00000040
0000006d
ffffffc4
0000000f
00000031
0000002e
0000000d
ffffffac
ffffffd1
ffffffda
00000081
00000011
0000000a
00000024
ffffffd5
00000048
ffffffcd
00000026
00000000
00000007
0000001b
0000000b
ffffffe8
00000010
ffffffec
ffffffe6
00000052
00000062
ffffffe6
fffffff5
0000009b
0000000a
ffffffce
ffffffe4
0000002b
00000018
0000000d
00000019
ffffffc3
ffffffab
000000b6
00000053
00000021
ffffffd0
ffffffb3
0000004d
ffffffef
00000037
00000024
ffffffc2
00000036
ffffffbd
ffffffd2
00000002
ffffffa0
00000022
0000001e
0000006e
0000002d
ffffffcc
00000013
ffffffca
0000001a
ffffffd2
ffffffd1
ffffffb3
000000b9
00000007
ffffff98
fffffffb
ffffffbe
fffffff1
0000003a
ffffffd6
00000009
fffffff2
0000001f
ffffffdd
ffffffa8
ffffffb3
0000001d
ffffffbf
00000045
ffffffd4
ffffffd0
00000011
fffffff1
fffffffc
fffffffa
0000002a
ffffffae
00000030
00000003
00000001
0000001f
00000073
0000004f
00000019
ffffffec
ffffffab
00000006
ffffffe3
00000070
00000042
fffffffe
fffffff0
ffffffd5
ffffffe7
ffffffff
ffffffc9
ffffffe7
ffffffc1
0000000b
ffffffe0
ffffffc9
00000062
00000091
00000071
ffffffda
ffffffa5
0000000f
ffffffd0
0000003c
00000023
ffffffd0
ffffffd5
ffffffda
00000018
0000002c
00000018
00000004
0000004b
ffffffe1
0000001e
00000020
ffffffe7
ffffffe4
00000037
00000015
ffffffc1
00000007
ffffffef
ffffffd1
ffffffe6
fffffff2
fffffff9
00000011
0000000b
000000c1
0000002d
ffffffd0
00000041
00000014
ffffffbb
00000004
ffffffbb
00000014
00000003
00000057
ffffffab
00000025
0000001a
00000012
ffffffe1
ffffffcf
ffffffeb
00000005
0000001f
ffffffe0
ffffffc0
00000029
ffffffce
ffffffc5
ffffffc0
ffffffc2
ffffffcf
00000009
ffffffcd
ffffffb8
00000020
fffffff2
ffffffdf
00000047
0000002b
ffffff9d
00000009
00000049
ffffffe7
ffffffc4
ffffffc9
ffffffeb
fffffff6
0000004d
ffffffd5
ffffffd6
0000004f
ffffffd6
ffffffff
ffffffaf
00000000
0000003a
0000000a
ffffffd1
0000001a
00000014
ffffffc2
ffffffcf
00000018
ffffffb0
0000008e
ffffffc0
ffffffd1
ffffffb3
00000002
ffffffee
ffffffe9
000000bc
00000044
fffffff2
fffffffa
00000062
00000071
ffffffe6
00000064
ffffffbc
ffffffc7
fffffff2
ffffffec
0000002e
00000056
fffffffc
ffffffcb
00000034
00000055
00000005
fffffffc
fffffff6
fffffff2
000000a9
ffffffcc
fffffff0
00000058
ffffffbb
00000023
00000075
00000018
ffffffed
00000088
000000a0
ffffffee
ffffffd3
00000083
ffffffc2
00000034
ffffffce
ffffffbf
ffffffcb
ffffffd0
0000001e
0000000b
ffffffaf
fffffff4
00000011
ffffffe7
0000008b
00000013
ffffffdd
0000002f
ffffffc0
ffffffc3
ffffffe6
00000019
0000002d
ffffffd5
ffffffd0
0000002b
ffffffc7
ffffffda
fffffffb
ffffffe2
00000028
00000055
0000004a
fffffff1
00000026
ffffffec
ffffffc2
0000001d
ffffffd1
00000061
ffffffda
00000086
00000037
ffffffc5
0000003f
ffffffc2
0000001f
ffffffc1
ffffffed
ffffffaf
ffffff9e
ffffffc0
ffffffeb
ffffffd3
ffffffdf
00000000
00000023
00000008
ffffffe8
00000012
0000000d
ffffffc0
00000047
ffffffc8
0000002c
ffffffec
fffffff3
ffffffe8
00000008
ffffffd4
0000000c
00000062
ffffffd3
ffffffdb
00000034
00000052
ffffffd7
ffffffc4
00000011
ffffffc8
0000008a
00000056
ffffffd6
fffffff0
ffffffe4
ffffffbe
ffffffca
ffffffd6
ffffffd5
00000045
fffffffa
0000001d
00000017
fffffff6
ffffffe4
fffffff1
ffffffba
ffffffe4
fffffffc
ffffffdf
00000009
ffffffd9
00000005
ffffffeb
00000005
00000011
00000045
ffffffd9
fffffffa
000000a5
00000038
ffffffa9
ffffffeb
ffffffcd
ffffffe6
ffffffcf
ffffffbe
0000006d
00000030
ffffffbe
ffffffe6
ffffffca
fffffff8
ffffffc5
ffffffe2
00000070
ffffffb8
fffffff8
ffffffff
00000061
ffffffe7
ffffffab
0000001c
ffffffcf
00000038
00000063
ffffffc6
00000001
00000010
00000035
00000010
ffffff97
ffffffc9
ffffffda
00000084
00000017
00000009
00000025
ffffffe3
00000044
ffffffdf
0000002e
fffffff2
00000016
00000009
00000011
ffffffd3
00000009
ffffffee
ffffffed
0000004b
0000005e
ffffffe5
ffffffe1
0000009d
00000019
ffffffd6
ffffffe7
00000019
00000020
0000001f
00000024
ffffffc2
ffffffa3
000000a5
00000057
0000002e
ffffffd0
ffffffba
0000004b
ffffffd0
00000038
00000024
ffffffcf
0000002e
ffffffb3
ffffffd1
0000000c
ffffffb9
00000029
00000007
00000055
00000032
ffffffce
00000014
ffffffc6
00000015
ffffffd2
ffffffd8
ffffffc0
000000ad
00000001
ffffff9d
ffffffdf
ffffffc4
ffffffea
0000002e
ffffffe4
0000000a
fffffffe
0000002b
ffffffd9
ffffffa6
ffffffbc
0000002b
ffffffc4
0000003c
ffffffd2
ffffffd0
0000002a
ffffffeb
00000004
ffffffea
00000024
ffffffbf
00000036
00000006
fffffffc
00000026
0000006d
0000004e
fffffffe
ffffffee
ffffffac
0000000f
ffffffed
00000064
0000004e
ffffffe9
fffffff4
ffffffcf
ffffffe9
00000002
ffffffcc
ffffffdc
ffffffba
00000017
ffffffe6
ffffffc4
00000058
0000007f
0000007f
ffffffde
ffffffaf
00000013
ffffffd3
0000003d
00000026
ffffffd4
ffffffd8
ffffffde
00000019
0000002d
00000010
00000003
0000004d
ffffffe0
00000028
00000034
fffffff3
ffffffda
00000030
00000010
ffffffc5
00000002
fffffff0
ffffffcd
ffffffe9
ffffffd9
fffffffa
00000011
00000011
000000af
00000024
ffffffce
00000039
0000000b
ffffffb3
00000009
ffffffaa
00000012
00000006
0000004d
ffffffa7
00000025
0000001a
00000019
ffffffd1
ffffffd7
ffffffed
00000006
0000001c
ffffffe8
ffffffc4
0000002d
ffffffcd
ffffffc9
ffffffbd
ffffffc4
ffffffdb
0000000e
ffffffd1
ffffffb6
0000000b
ffffffe8
ffffffdc
00000042
00000031
ffffff9f
00000014
0000003b
ffffffe3
ffffffbb
ffffffd1
fffffff0
00000000
0000004c
ffffffda
ffffffd7
00000051
ffffffd8
ffffffff
ffffffcb
00000007
00000037
00000008
ffffffd5
0000001e
00000000
ffffffcb
ffffffc2
00000017
ffffffb9
00000085
ffffffb6
ffffffd5
ffffffb0
00000001
00000000
ffffffea
000000b1
0000004c
ffffffdf
00000001
0000005c
0000006b
ffffffec
00000065
ffffffc9
ffffffd0
00000001
ffffffeb
0000002e
0000004f
fffffff9
ffffffcc
00000045
0000005b
fffffff4
fffffffa
ffffffeb
ffffffdd
0000009a
ffffffc6
ffffffed
00000058
ffffffbd
00000025
00000072
00000017
ffffffe3
00000088
0000009e
fffffff3
ffffffc6
0000007f
ffffffb3
00000038
ffffffd5
ffffffc7
ffffffcd
ffffffc3
00000019
fffffff9
ffffffb9
fffffff9
00000012
ffffffe2
00000082
fffffffc
ffffffe4
0000002c
ffffffb3
ffffffc4
ffffffdd
ffffffff
00000026
ffffffd3
ffffffce
0000002f
ffffffcd
ffffffdd
00000003
ffffffe6
00000026
0000005e
00000053
ffffffe8
00000025
ffffffea
ffffffcd
00000023
ffffffcb
00000051
ffffffde
00000098
00000046
ffffffc8
00000025
ffffffd1
00000017
ffffffb9
ffffffe8
ffffffac
ffffff9c
ffffffc0
ffffffe9
ffffffd2
ffffffe5
fffffffd
00000028
00000024
fffffff1
00000015
00000019
ffffffce
0000003c
ffffffd1
00000021
fffffffb
fffffffa
ffffffe7
fffffff6
fffffff1
0000000a
0000005e
ffffffc6
ffffffe7
0000002c
00000057
ffffffdb
ffffffc1
00000010
ffffffd1
00000088
00000050
ffffffe1
ffffffe6
ffffffe4
ffffffb9
ffffffbc
ffffffdb
ffffffd4
00000039
fffffffd
00000032
00000021
ffffffff
ffffffe1
ffffffeb
ffffffc7
fffffff0
fffffffa
ffffffd8
0000000b
ffffffe0
00000014
ffffffe9
00000006
00000021
00000048
ffffffd8
fffffff9
000000a8
0000003d
ffffffb3
00000003
ffffffcd
fffffffc
ffffffca
ffffffbc
00000071
00000028
ffffffbe
ffffffe7
ffffffcf
00000003
ffffffce
ffffffdc
00000068
ffffffac
fffffffe
00000000
00000059
ffffffd3
ffffffae
00000019
ffffffcf
00000040
00000061
ffffffbd
0000000d
0000002a
0000002c
00000016
ffffffaa
ffffffd0
ffffffd8
00000080
00000009
00000014
0000001e
ffffffd7
0000004a
ffffffc5
00000027
fffffff6
00000005
0000000f
00000016
ffffffe7
00000011
fffffffa
fffffff0
0000004f
00000058
fffffff0
ffffffe7
0000009d
0000000d
ffffffd5
ffffffe6
00000020
00000026
0000001b
0000000d
ffffffc9
ffffffae
000000a8
00000059
00000025
ffffffcf
ffffffb4
00000051
ffffffd2
00000033
00000027
ffffffcb
0000002a
ffffffb3
ffffffe1
00000000
ffffffa5
00000027
0000000d
00000064
00000021
ffffffcc
00000019
ffffffc0
00000017
ffffffd2
ffffffd4
ffffffb4
000000b2
00000015
ffffff8d
ffffffe5
ffffffc3
ffffffed
0000002a
ffffffe2
0000000c
fffffff8
00000016
ffffffdf
ffffffaf
ffffffb1
00000028
ffffffc5
00000046
ffffffd4
ffffffd0
00000032
ffffffe5
00000001
fffffffe
0000002b
ffffffb1
0000002d
ffffffff
fffffffb
00000020
00000070
00000059
0000000d
ffffffde
ffffffb2
00000004
ffffffde
00000060
00000045
fffffff5
fffffff2
ffffffc9
fffffff8
00000000
ffffffc9
ffffffde
ffffffc7
0000001a
ffffffe2
ffffffc9
00000058
00000089
00000069
ffffffde
ffffffa6
00000016
ffffffca
00000045
00000024
ffffffd7
ffffffd8
ffffffde
00000019
00000022
00000020
00000014
00000044
ffffffe2
00000028
00000022
fffffff0
ffffffd5
00000046
0000001e
ffffffc6
fffffffb
ffffffef
ffffffcd
ffffffec
ffffffef
fffffff9
0000001a
0000000e
000000c0
00000038
ffffffcd
00000035
0000000c
ffffffb4
00000001
ffffffb0
00000020
fffffffe
00000051
ffffffa6
0000001c
00000020
0000000b
ffffffd2
ffffffd9
fffffff5
00000008
0000001a
ffffffe1
ffffffcb
0000002b
ffffffcf
ffffffd0
ffffffbc
ffffffc2
ffffffc9
fffffff8
ffffffd4
ffffffba
0000001d
ffffffec
ffffffe1
00000043
00000028
ffffffa2
00000009
0000003c
ffffffd4
ffffffc9
ffffffcf
ffffffee
fffffffe
00000050
ffffffde
ffffffda
00000047
ffffffd9
fffffffe
ffffffb3
0000000e
00000028
00000008
ffffffd0
00000026
00000010
ffffffc0
ffffffd6
0000001c
ffffffba
00000093
ffffffbe
ffffffd3
ffffffad
fffffffe
fffffff9
ffffffe9
000000b2
00000065
fffffff1
00000002
00000072
00000062
ffffffee
00000066
ffffffbf
ffffffcf
fffffffc
ffffffec
0000002c
0000004d
ffffffe7
ffffffcc
0000003f
00000055
00000005
fffffff7
ffffffe9
fffffff5
0000009a
ffffffd3
ffffffe9
00000047
ffffffb9
00000010
00000076
0000001f
ffffffe8
00000085
000000a0
ffffffeb
ffffffc2
00000078
ffffffc2
00000031
ffffffd7
ffffffc3
ffffffd7
ffffffc8
00000020
00000009
ffffffae
fffffff8
0000000d
ffffffde
00000085
0000000f
ffffffee
00000025
ffffffb4
ffffffca
ffffffea
0000001a
0000002e
ffffffd4
ffffffdd
0000002f
ffffffcc
ffffffdb
00000004
ffffffe8
00000026
0000005c
00000059
ffffffe8
00000027
ffffffec
ffffffc4
0000002c
ffffffd4
00000058
ffffffd8
00000088
00000044
ffffffcc
00000020
ffffffd7
0000001b
ffffffbb
ffffffef
ffffffad
ffffff96
ffffffbd
fffffff0
ffffffcd
ffffffd3
fffffffa
0000001b
00000014
fffffff7
0000000b
00000028
ffffffcb
0000003a
ffffffbd
00000029
fffffff3
fffffffa
ffffffea
0000000b
ffffffd4
00000005
0000006d
ffffffbb
ffffffef
00000036
0000004f
ffffffd6
ffffffb9
00000012
ffffffd6
00000097
00000052
ffffffcf
ffffffe2
ffffffdd
ffffffbe
ffffffc5
ffffffe6
ffffffd3
0000003b
fffffff5
00000029
00000016
00000017
ffffffcc
ffffffea
ffffffbf
ffffffec
ffffffe4
ffffffd8
0000000b
ffffffd9
0000001b
ffffffe7
00000014
00000027
0000004f
ffffffc3
fffffffe
000000b7
00000037
ffffffab
0000000c
ffffffd7
00000000
ffffffc7
ffffffbd
0000006e
00000026
ffffffc3
fffffffc
ffffffc8
fffffff6
ffffffd3
ffffffe1
00000060
ffffffa3
fffffffa
ffffffff
0000005d
ffffffca
ffffffb0
00000019
ffffffd1
0000003f
00000076
ffffffc1
0000000e
00000033
00000035
0000000b
ffffffa9
ffffffcc
ffffffc9
00000082
00000012
0000001b
0000002f
ffffffd3
0000004f
ffffffc4
0000001e
00000001
0000000b
00000025
00000020
00000006
00000019
fffffffb
fffffff7
00000032
0000005a
fffffff7
ffffffe9
000000a8
00000003
ffffffcd
ffffffdb
00000023
00000020
00000016
00000022
ffffffc6
ffffffa9
000000b2
00000059
0000002f
ffffffcc
ffffffb6
00000049
ffffffda
0000003b
00000026
ffffffc3
0000003b
ffffffb4
ffffffd5
fffffff9
ffffff9f
00000025
00000004
0000006d
00000012
ffffffcc
00000019
ffffffc2
00000000
ffffffce
ffffffc8
ffffffb1
000000bd
0000000d
ffffff8f
fffffffe
ffffffbd
ffffffed
00000044
ffffffd8
00000011
fffffff6
0000002d
ffffffe2
ffffffb9
ffffffac
0000002c
ffffffbd
00000045
ffffffd5
ffffffc8
00000020
ffffffe3
fffffff2
fffffff1
0000002e
ffffffad
00000029
00000003
fffffffe
0000001c
0000007c
00000061
00000015
fffffff0
ffffffb5
00000012
ffffffe6
0000006b
00000046
fffffff8
fffffff4
ffffffc4
fffffff6
00000004
ffffffd0
ffffffeb
ffffffb2
00000015
ffffffdd
ffffffcd
0000006b
0000008a
00000064
ffffffdd
ffffff98
00000019
ffffffc6
0000003d
00000030
ffffffcf
ffffffd5
ffffffd9
00000014
0000002c
00000032
00000010
00000043
ffffffe2
0000001c
00000016
fffffff0
ffffffda
0000003f
00000000
ffffffcb
fffffffe
ffffffee
ffffffd1
ffffffea
ffffffed
fffffff9
00000026
00000012
000000d3
00000031
ffffffc8
00000039
0000000e
ffffffa9
00000009
ffffffb3
0000000e
fffffffc
0000004a
ffffffa6
0000000d
0000001f
00000006
ffffffe5
ffffffce
fffffff1
00000009
00000014
ffffffdf
ffffffc3
00000037
ffffffcf
ffffffc9
ffffffcc
ffffffbd
ffffffd4
fffffff2
ffffffd0
ffffffc8
00000021
00000002
ffffffe2
0000003d
00000020
ffffff9c
00000001
00000037
ffffffe3
ffffffcb
ffffffcf
ffffffe2
fffffffe
00000057
ffffffe1
ffffffdd
00000054
ffffffd7
00000005
ffffffaf
00000010
00000038
00000008
ffffffc8
00000034
00000017
ffffffbd
ffffffd0
00000014
ffffffb6
00000094
ffffffb9
ffffffd2
ffffffb1
0000000a
00000000
ffffffe9
000000ad
00000061
fffffff1
00000000
00000066
00000069
ffffffde
00000055
ffffffb0
ffffffc4
fffffff9
ffffffe8
0000002c
00000052
fffffff3
ffffffc5
0000004b
00000056
0000000d
fffffff4
fffffff9
ffffffee
000000ad
ffffffdd
ffffffec
0000003e
ffffffb6
00000025
00000088
00000020
fffffffa
00000088
000000ae
fffffff4
ffffffc4
0000007f
ffffffda
0000003a
ffffffcf
ffffffba
ffffffe2
ffffffc6
00000026
00000003
ffffffa7
ffffffe6
00000017
ffffffd9
0000007f
00000013
ffffffed
0000002d
ffffffb7
ffffffbd
ffffffe2
00000003
00000035
ffffffd5
ffffffd8
0000002a
ffffffce
ffffffd8
00000016
ffffffe6
00000030
0000005c
00000054
ffffffee
0000001d
ffffffea
ffffffc1
00000020
ffffffd1
00000062
ffffffcb
0000007f
0000002d
ffffffd4
0000001a
ffffffd5
0000000f
ffffffc3
ffffffde
ffffffb8
ffffffa7
ffffffbe
ffffffe7
ffffffc4
ffffffd9
00000002
00000009
00000030
fffffff0
0000000a
fffffff6
ffffffcb
0000003a
ffffffd5
00000037
fffffff4
00000003
fffffff4
fffffffe
ffffffe3
fffffffe
0000005c
ffffffca
ffffffdb
00000035
00000055
ffffffdd
ffffffbf
00000017
ffffffe0
00000099
00000045
ffffffd7
ffffffe3
ffffffdb
ffffffbd
ffffffc2
fffffff3
ffffffd0
00000044
ffffffe9
00000027
fffffff9
00000005
ffffffcc
fffffff0
ffffffc6
ffffffeb
ffffffde
ffffffde
fffffffd
ffffffd6
00000016
ffffffe9
00000000
00000025
00000064
ffffffcc
ffffffee
000000b3
00000037
ffffffba
ffffffff
ffffffd4
00000004
ffffffc8
ffffffc3
00000054
00000018
ffffffc4
ffffffec
ffffffeb
fffffff0
ffffffd1
fffffff5
00000056
ffffffb9
00000001
fffffffc
00000046
ffffffd7
ffffffa8
0000001c
ffffffd4
00000047
0000005c
ffffffc1
0000000e
00000035
00000039
00000006
ffffff97
ffffffd3
ffffffda
0000007d
00000012
00000003
00000020
ffffffd3
0000005e
ffffffbe
0000001e
00000003
00000013
0000001c
0000001c
ffffffea
0000000e
fffffff1
ffffffec
00000030
00000060
fffffff8
fffffff6
00000096
0000001a
ffffffd1
fffffff1
00000012
0000001f
0000000f
0000002c
ffffffc5
ffffffa1
0000009f
00000054
00000026
ffffffcc
ffffffb4
00000052
ffffffc3
0000003b
0000001d
ffffffbd
00000025
ffffffb8
ffffffc8
fffffff6
ffffffa1
00000013
00000008
00000059
00000028
ffffffd0
0000000f
ffffffba
0000000a
ffffffd4
ffffffca
ffffffb1
000000af
00000015
ffffff90
fffffff1
ffffffc4
fffffff0
00000033
ffffffe7
00000013
ffffffff
0000002a
ffffffe1
ffffffa6
ffffffb9
00000034
ffffffbf
00000039
ffffffd5
ffffffc8
00000028
ffffffef
00000004
fffffffb
0000001c
ffffffad
00000026
ffffffe0
00000001
00000018
00000080
00000052
00000014
ffffffde
ffffffd3
0000001b
fffffff2
00000072
0000004b
00000003
ffffffeb
ffffffc1
fffffff5
0000000f
ffffffd3
ffffffff
ffffffb9
fffffff9
ffffffe3
ffffffc7
00000054
00000089
0000006c
ffffffde
ffffffaa
00000015
ffffffc5
00000034
00000014
ffffffd4
ffffffd8
ffffffd9
00000030
00000031
00000015
00000015
00000049
ffffffe0
0000000c
0000002d
fffffff2
ffffffe0
00000039
fffffffd
ffffffba
00000000
ffffffef
ffffffcb
fffffff8
ffffffe7
fffffffa
fffffff8
00000009
000000b3
00000009
ffffffd3
0000004b
00000003
ffffff9e
0000000b
ffffffa2
fffffff6
00000006
00000041
ffffff9b
0000000c
0000000e
0000000d
ffffffc2
ffffffc9
ffffffee
00000010
0000001d
ffffffe6
ffffffbf
00000013
ffffffcf
ffffffc6
ffffffe1
ffffffbe
ffffffd4
00000001
ffffffc9
ffffffbb
00000029
ffffffe8
ffffffdd
0000002b
00000029
ffffffa3
0000000d
00000043
fffffff4
ffffffb3
ffffffc7
fffffff2
0000000a
00000044
ffffffec
ffffffd4
0000005c
ffffffd5
00000000
ffffffc2
0000000b
00000025
fffffff7
ffffffd5
0000002a
fffffffe
ffffffaf
ffffffc6
00000024
ffffffc1
0000008d
ffffffae
ffffffcf
ffffffbf
00000009
00000002
ffffffeb
000000bd
0000005d
fffffff0
fffffff9
0000005b
0000005f
ffffffca
00000051
ffffffcd
ffffffce
ffffffef
fffffff1
00000015
00000041
fffffff8
ffffffcd
00000046
0000004e
00000014
00000003
ffffffe5
00000004
000000b3
ffffffcf
ffffffee
00000050
ffffffb9
00000022
0000007c
0000000e
00000001
0000008b
0000009f
fffffff7
ffffffcd
00000078
ffffffcb
0000002c
ffffffd9
ffffffc7
ffffffe0
ffffffbe
00000014
00000000
ffffffb1
fffffff2
00000014
ffffffcc
0000007b
00000013
ffffffe9
00000027
ffffffbe
ffffffc6
ffffffec
fffffffe
0000001e
ffffffd6
ffffffd8
0000002e
ffffffd9
ffffffdc
0000000d
ffffffdb
00000028
00000053
0000003d
ffffffe4
0000002e
ffffffe8
ffffffc8
0000002a
ffffffdc
00000065
ffffffdb
00000091
00000047
ffffffce
00000018
ffffffce
00000028
ffffffba
ffffffe6
ffffffae
ffffffb0
ffffffb1
ffffffeb
ffffffd3
ffffffcc
0000000d
0000001c
0000000f
ffffffe6
00000013
00000031
ffffffd3
00000039
ffffffbf
00000030
fffffffa
00000011
ffffffde
00000015
ffffffbf
00000000
00000054
ffffffb0
fffffffe
0000002e
00000062
ffffffd2
ffffffae
00000029
ffffffd6
00000099
00000054
ffffffda
ffffffe3
ffffffdf
ffffffc5
ffffffcd
ffffffe0
ffffffc4
00000041
ffffffef
00000023
0000001b
0000001e
ffffffc6
ffffffdd
ffffffc7
ffffffe9
ffffffdf
ffffffd4
0000000c
ffffffd6
00000015
ffffffe3
0000001d
00000031
00000052
ffffffc6
ffffffff
000000b3
00000044
ffffffb2
fffffff2
ffffffd7
00000008
ffffffc6
ffffffb8
00000074
00000035
ffffffbc
fffffffa
ffffffcc
fffffffc
ffffffca
ffffffe1
0000006b
ffffffa9
fffffff7
00000009
00000063
ffffffc8
ffffffa5
0000001c
ffffffc0
00000034
00000071
ffffffc5
00000015
00000043
0000003b
0000000c
ffffffa2
ffffffca
ffffffcb
0000008e
00000020
0000001a
00000030
ffffffcc
0000005e
ffffffcd
00000020
fffffffe
00000007
00000032
00000020
00000005
00000022
ffffffeb
ffffffe2
0000002c
00000062
ffffffe5
ffffffec
000000a6
0000000e
ffffffc7
ffffffea
0000002a
0000001e
00000025
00000014
ffffffca
ffffffa1
000000a9
00000048
00000021
ffffffce
ffffffb8
0000003d
ffffffe1
00000035
00000032
ffffffb4
00000037
ffffffcd
ffffffd1
fffffffb
ffffffa7
0000001f
0000001d
00000075
00000030
ffffffd1
00000007
ffffffc1
00000005
ffffffd3
ffffffcb
ffffffb9
000000c2
0000000b
ffffff87
0000000f
ffffffc2
ffffffe0
00000039
ffffffca
00000006
00000008
0000001c
ffffffdd
ffffffaa
ffffffb0
00000015
ffffffda
00000046
ffffffd1
ffffffc7
0000000d
ffffffef
fffffff4
fffffffc
00000020
ffffffaf
00000030
fffffffa
00000020
00000012
00000074
00000044
00000011
ffffffee
ffffffc2
00000019
ffffffca
00000079
00000050
0000000d
fffffff6
ffffffb8
ffffffe4
0000001b
ffffffd1
fffffffc
ffffffb1
00000003
ffffffe0
ffffffc5
0000006a
00000099
00000061
ffffffda
ffffff99
0000000e
ffffffcf
0000003c
00000021
ffffffc9
ffffffd0
ffffffd5
0000000e
00000036
0000001f
00000015
00000051
ffffffdc
00000010
00000007
ffffffeb
ffffffdc
00000031
00000007
ffffffc9
0000000e
ffffffef
ffffffd3
ffffffdd
00000001
fffffff9
00000001
0000000e
000000c5
00000028
ffffffcb
00000036
00000008
ffffffae
fffffff7
ffffffb4
00000000
00000005
00000059
ffffffaf
00000017
00000020
00000007
ffffffeb
ffffffc2
ffffffe5
00000015
00000009
ffffffdf
ffffffc1
0000002b
ffffffd7
ffffffc2
ffffffdc
ffffffb9
ffffffda
fffffff3
ffffffbd
ffffffc6
00000028
00000001
ffffffe1
00000047
00000039
ffffff9c
fffffff2
00000038
ffffffec
ffffffb9
ffffffc7
ffffffe6
00000000
0000005c
ffffffe1
ffffffcf
0000004f
ffffffd3
ffffffe8
ffffffae
00000006
00000031
00000007
ffffffc5
00000034
0000001c
ffffffc2
ffffffd1
0000001b
ffffffbc
0000008f
ffffffb4
ffffffd2
ffffffc6
00000006
00000011
ffffffe9
000000c2
0000004f
fffffff3
ffffffea
0000005e
0000007a
ffffffd9
00000059
ffffffba
ffffffbb
0000000b
00000000
0000001b
00000054
fffffffe
ffffffd5
0000002d
00000047
0000000b
ffffffef
fffffffd
fffffffc
000000b5
ffffffd8
fffffffb
00000060
ffffffb2
00000017
00000091
00000025
fffffff6
00000087
000000a1
00000000
ffffffdd
00000080
ffffffc4
0000002f
ffffffc0
ffffffbf
ffffffd4
ffffffd0
00000013
00000003
ffffffa6
ffffffe5
0000001d
ffffffd1
0000008d
00000019
ffffffe8
00000028
ffffffcc
ffffffc8
ffffffcf
00000002
00000010
ffffffd8
ffffffc8
0000002f
ffffffd9
ffffffde
fffffffe
ffffffe1
00000022
00000058
00000052
fffffff1
00000012
ffffffe6
ffffffc9
00000021
ffffffca
00000066
ffffffd9
00000089
00000045
ffffffc7
0000001d
ffffffd4
0000001a
ffffffc3
ffffffe3
ffffffac
ffffffa0
ffffffbd
ffffffe2
ffffffc6
ffffffd0
fffffffd
00000027
0000000f
ffffffe9
00000006
00000030
ffffffd3
0000004a
ffffffcf
0000002d
ffffffe3
ffffffff
ffffffdd
0000000d
ffffffc0
0000000c
00000058
ffffffbf
ffffffdf
00000036
00000058
ffffffd5
ffffffb4
0000001e
ffffffd2
00000095
0000004b
ffffffdb
ffffffdf
ffffffdb
ffffffbc
ffffffd3
ffffffe1
ffffffdd
00000040
ffffffe6
0000001c
00000019
0000000d
ffffffd2
ffffffe3
ffffffd1
ffffffea
ffffffe3
ffffffd7
0000000a
ffffffce
00000014
ffffffe0
00000009
0000002c
0000004c
ffffffc5
00000003
000000b5
00000030
ffffffa3
00000001
ffffffd8
ffffffef
ffffffcc
ffffffc3
00000071
00000031
ffffffbf
fffffffd
ffffffd1
0000000b
ffffffc3
ffffffda
0000006b
ffffffab
ffffffed
00000004
00000050
ffffffc8
ffffffac
0000001f
ffffffca
00000047
00000072
ffffffcc
00000009
0000002d
0000003a
0000000e
ffffffa3
ffffffc9
ffffffc8
00000084
00000027
0000001b
00000037
ffffffca
00000060
ffffffc9
00000026
00000001
00000019
0000001f
0000001a
ffffffef
0000001e
ffffffed
fffffffc
00000040
0000005a
ffffffec
fffffff9
000000a3
0000000e
ffffffd3
ffffffdf
00000022
00000029
00000022
00000018
ffffffc3
ffffffa5
000000aa
00000058
00000030
ffffffcb
ffffffc0
0000004f
ffffffe2
00000031
00000031
ffffffb8
0000002e
ffffffb5
ffffffcd
fffffffa
ffffffab
00000027
0000000a
00000064
00000022
ffffffce
0000000b
ffffffbf
0000000f
ffffffd0
ffffffc6
ffffffb3
000000b6
0000000b
ffffff90
fffffff4
ffffffb9
ffffffe7
00000034
ffffffe2
0000000d
fffffffd
00000023
ffffffde
ffffffb7
ffffffae
00000025
ffffffc2
00000042
ffffffd2
ffffffce
0000001f
ffffffde
00000005
fffffff2
0000002e
ffffffb2
0000003b
00000006
0000000b
00000016
00000074
00000061
00000011
ffffffe9
ffffffba
00000014
ffffffea
0000007a
00000052
ffffffff
fffffff6
ffffffb9
fffffff6
00000012
ffffffd4
ffffffe9
ffffffa7
0000000a
ffffffdd
ffffffc1
00000063
00000097
00000070
ffffffe1
ffffffaa
00000017
ffffffd7
0000004c
0000002b
ffffffd4
ffffffd6
ffffffd4
0000000b
00000031
0000001b
0000000f
00000062
ffffffdc
0000002d
00000011
ffffffda
ffffffe4
0000002f
00000006
ffffffc8
00000001
ffffffee
ffffffcf
ffffffdd
ffffffe5
fffffff9
0000001b
0000001a
000000ce
0000002c
ffffffd4
0000003a
00000009
ffffffb4
0000000c
ffffffa9
00000009
00000003
00000061
ffffffa8
00000016
00000027
00000009
ffffffe5
ffffffcb
ffffffea
00000019
0000001b
ffffffdf
ffffffc8
0000002e
ffffffcd
ffffffc6
ffffffc6
ffffffc0
ffffffce
00000009
ffffffd5
ffffffc3
0000001b
00000000
ffffffdd
0000003f
00000028
ffffff9a
fffffffd
00000045
fffffff7
ffffffc7
ffffffcf
ffffffe5
ffffffef
00000051
ffffffd6
ffffffd1
0000005a
ffffffda
fffffffd
ffffffb5
00000014
00000025
0000000c
ffffffcc
00000028
0000001c
ffffffb8
ffffffd1
0000001b
ffffffbe
00000095
ffffffc1
ffffffce
ffffffb5
ffffffff
00000015
ffffffe9
000000b3
00000052
ffffffe8
fffffff0
0000006f
0000006c
ffffffe1
00000062
ffffffad
ffffffd2
fffffff8
fffffff8
0000002b
00000048
00000004
ffffffd0
00000039
00000050
fffffff5
fffffffa
fffffffa
ffffffed
000000af
ffffffd0
fffffff3
00000047
ffffffb8
00000019
00000086
0000001c
ffffffe0
00000086
00000091
fffffffe
ffffffcc
00000078
ffffffd4
0000003b
ffffffc8
ffffffbb
ffffffd0
ffffffc9
00000022
00000002
ffffffad
ffffffe7
00000022
ffffffdd
00000091
0000000f
ffffffd2
00000028
ffffffc3
ffffffc2
ffffffd5
ffffffef
00000026
ffffffd4
ffffffd8
0000002d
ffffffcd
ffffffd7
0000000a
ffffffe4
0000002b
00000058
00000054
fffffffe
0000000a
ffffffe7
ffffffc9
00000015
ffffffd6
0000005b
ffffffdc
00000094
00000040
ffffffcb
00000028
ffffffc8
0000000f
ffffffb6
ffffffe7
ffffffb0
ffffffa4
ffffffc1
ffffffe3
ffffffc1
ffffffdb
fffffffa
00000029
0000002b
ffffffec
00000009
00000004
ffffffc8
0000004b
ffffffc7
00000028
fffffff3
fffffff5
ffffffe5
fffffffc
ffffffcc
0000000c
0000005b
ffffffb8
ffffffe5
00000032
00000057
ffffffd6
ffffffba
00000023
ffffffda
0000008a
0000005f
ffffffde
ffffffe4
ffffffe0
ffffffbb
ffffffc4
ffffffe1
ffffffc5
00000048
fffffff2
0000002d
00000013
00000014
ffffffd6
ffffffe9
ffffffca
ffffffe1
fffffff2
ffffffd7
00000006
ffffffd4
00000004
ffffffe5
00000019
0000002e
0000004b
ffffffdb
ffffffef
000000c2
00000037
ffffffaf
fffffff8
ffffffcc
fffffff7
ffffffcd
ffffffbf
0000006e
0000002c
ffffffc1
ffffffe6
ffffffd0
fffffff0
ffffffca
ffffffd9
00000064
ffffffb2
ffffffef
fffffff5
00000052
ffffffd8
ffffffaf
00000020
ffffffca
0000004e
00000068
ffffffb5
00000001
0000001d
00000045
0000000e
ffffff9f
ffffffcd
ffffffc8
00000090
00000021
00000012
0000002a
ffffffd5
0000005b
ffffffcc
0000002e
00000000
0000000e
0000000c
0000001b
ffffffe5
00000006
ffffffeb
fffffff0
0000004a
00000069
fffffff1
00000001
000000a7
0000000c
ffffffcf
fffffff0
0000002f
0000001e
0000001b
00000029
ffffffc0
ffffffa3
000000a3
0000004e
0000001f
ffffffcb
ffffffaa
00000049
ffffffd9
00000034
00000021
ffffffc3
00000031
ffffffb3
ffffffdb
00000002
ffffffa6
00000024
00000019
00000065
00000029
ffffffce
0000000c
ffffffc6
00000017
ffffffd1
ffffffcc
ffffffc0
000000b9
00000006
ffffff89
ffffffeb
ffffffbe
ffffffeb
00000041
ffffffdb
00000014
fffffffb
00000033
ffffffe1
ffffff9c
ffffffb6
00000028
ffffffbc
00000040
ffffffd4
ffffffce
00000019
ffffffe1
00000003
00000001
0000001e
ffffffb2
00000033
fffffff2
00000013
00000019
0000006d
0000005c
0000000c
ffffffe8
ffffffbe
00000017
ffffffd5
00000063
00000051
0000000d
ffffffe7
ffffffd4
ffffffe6
fffffffb
ffffffcc
ffffffeb
ffffffb9
00000006
ffffffe5
ffffffc2
00000057
0000008f
00000075
ffffffd3
ffffffa7
00000017
ffffffbe
0000003d
00000035
ffffffc7
ffffffd6
ffffffda
00000021
0000002b
0000000e
0000000d
00000052
ffffffdf
00000024
0000001c
ffffffee
ffffffe5
00000030
00000007
ffffffb9
00000000
fffffff0
ffffffc7
ffffffe3
ffffffd7
fffffff9
0000000a
00000004
000000ac
00000026
ffffffd6
00000034
00000009
ffffffb1
00000001
ffffffa9
0000001a
00000001
0000005a
ffffffa6
0000001e
00000016
00000010
ffffffd5
ffffffd0
ffffffed
0000000f
00000020
ffffffe3
ffffffc7
0000001c
ffffffce
ffffffc3
ffffffbc
ffffffbf
ffffffc8
00000003
ffffffc6
ffffffbb
00000020
ffffffee
ffffffda
00000044
0000002f
ffffff9c
00000003
0000004a
ffffffe0
ffffffb6
ffffffc5
ffffffe1
fffffff6
00000048
ffffffe1
ffffffcd
00000057
ffffffdc
ffffffef
ffffffb5
fffffff4
0000001f
00000003
ffffffcf
0000001a
00000009
ffffffc7
ffffffbd
0000000a
ffffffb2
00000095
ffffffb7
ffffffd2
ffffffc0
00000003
0000000b
ffffffe9
000000bb
0000005b
ffffffef
ffffffef
00000068
0000006c
ffffffe6
0000005d
ffffffb1
ffffffd7
fffffffd
fffffff8
00000024
0000004c
00000006
ffffffce
00000034
0000005f
0000000b
00000004
ffffffea
fffffff7
000000b9
ffffffd5
ffffffe6
0000005c
ffffffbb
0000001c
00000085
00000026
ffffffe1
0000008e
000000a2
ffffffef
ffffffd3
0000008a
ffffffbb
00000033
ffffffc7
ffffffc2
ffffffe0
ffffffd3
00000014
00000009
ffffffb4
fffffff3
0000000c
ffffffe5
0000007b
0000000f
ffffffd9
00000031
ffffffc6
ffffffc1
ffffffda
fffffffa
00000028
ffffffd6
ffffffd0
00000035
ffffffd4
ffffffde
00000001
ffffffe0
00000023
00000057
00000048
ffffffdd
00000013
ffffffea
ffffffb9
00000029
ffffffd2
0000005b
ffffffd7
00000087
00000047
ffffffcb
00000018
ffffffc9
00000024
ffffffc5
ffffffe3
ffffffb2
ffffffa1
ffffffb5
ffffffeb
ffffffcd
ffffffda
0000000e
00000028
00000002
ffffffee
00000009
0000000f
ffffffd9
0000003f
ffffffd4
0000002b
fffffff7
fffffff9
ffffffec
fffffff0
ffffffd4
0000000d
00000059
ffffffc0
ffffffe1
00000033
00000074
ffffffd0
ffffffbe
00000025
ffffffd3
00000099
00000048
ffffffd7
ffffffde
ffffffe4
ffffffbc
ffffffcc
ffffffe6
ffffffd9
0000004c
ffffffec
00000023
00000009
fffffff6
ffffffd2
ffffffef
ffffffc8
ffffffde
ffffffe5
ffffffd9
00000003
ffffffda
0000000e
ffffffe4
00000009
0000002b
00000048
ffffffd2
ffffffec
000000b8
00000038
ffffffaa
00000009
ffffffcd
fffffff9
ffffffcd
ffffffc6
00000070
00000029
ffffffcb
fffffff9
ffffffd2
00000006
ffffffd0
ffffffe8
00000072
ffffffb1
00000000
0000000c
00000055
ffffffd1
ffffffaf
0000001a
ffffffc7
00000034
00000065
ffffffc6
00000009
00000024
00000033
00000005
ffffffa5
ffffffca
ffffffda
0000008d
00000023
00000001
0000002e
ffffffe1
00000056
ffffffc5
00000032
fffffffe
00000011
0000000d
0000001b
fffffff6
00000020
00000000
fffffff5
0000004e
0000005b
ffffffe1
fffffffc
000000a5
0000001c
ffffffcf
ffffffe7
0000002d
00000029
00000027
00000012
ffffffc5
ffffffa4
000000ae
0000005f
00000043
ffffffc8
ffffffb9
00000047
ffffffe4
0000002e
0000001c
ffffffc8
00000043
ffffffc6
ffffffcf
fffffffe
ffffffae
0000001d
00000014
0000006f
00000017
ffffffd0
00000025
ffffffc8
0000001c
ffffffd5
ffffffc3
ffffffb8
000000ae
00000007
ffffff9c
fffffffd
ffffffc1
fffffff0
00000024
ffffffdc
00000023
fffffffc
0000002e
ffffffe3
ffffffaa
ffffffad
00000036
ffffffc9
0000003c
ffffffce
ffffffcb
00000024
fffffffb
0000000a
fffffffe
00000021
ffffffae
00000034
00000002
00000011
0000001d
0000007a
0000004d
00000013
ffffffe8
ffffffb5
0000001e
ffffffe1
0000007a
00000059
00000008
fffffff2
ffffffc4
fffffff2
00000002
ffffffd4
ffffffd3
ffffffcb
00000017
ffffffdf
ffffffba
00000062
00000092
00000071
ffffffd1
ffffffb2
0000001d
ffffffd4
00000053
0000001c
ffffffcb
ffffffd3
ffffffd8
00000021
0000002c
0000000c
0000001a
0000005a
ffffffdd
00000028
0000002b
ffffffef
ffffffcc
00000038
00000006
ffffffc7
fffffff9
ffffffee
ffffffd5
ffffffe6
fffffff1
fffffff9
00000016
00000004
000000bc
0000001e
ffffffcd
0000003b
ffffffff
ffffffb4
00000007
ffffffa1
00000003
00000008
0000004d
ffffff99
00000017
00000017
fffffffe
ffffffd2
ffffffd9
ffffffed
00000010
00000013
ffffffe0
ffffffc2
0000002c
ffffffd6
ffffffc8
ffffffc9
ffffffb8
ffffffd7
00000006
ffffffc4
ffffffc5
0000000a
fffffff0
ffffffdf
0000003d
00000030
ffffff9d
fffffffc
00000033
ffffffdc
ffffffcb
ffffffd0
ffffffe3
00000000
00000046
ffffffdc
ffffffd8
0000004e
ffffffce
fffffffb
ffffffb6
0000000f
00000023
0000000e
ffffffcc
00000031
0000001a
ffffffc3
ffffffd3
00000019
ffffffc8
0000007d
ffffffb4
ffffffcf
ffffffb8
00000009
0000000b
ffffffe9
000000ba
00000053
ffffffec
fffffff1
0000005e
00000061
ffffffd3
0000004c
ffffffbd
ffffffd8
0000000e
fffffffe
00000020
0000005d
ffffffec
ffffffc9
0000002e
0000004e
fffffffc
ffffffef
fffffffb
fffffff7
000000b4
ffffffce
fffffff8
0000005d
ffffffbd
0000001a
0000007e
0000002a
fffffff0
0000008c
0000009f
fffffffe
ffffffcc
0000007f
ffffffb8
00000042
ffffffd2
ffffffc5
ffffffda
ffffffd2
00000026
00000008
ffffffa0
ffffffef
00000016
ffffffdd
00000089
00000016
ffffffe2
00000037
ffffffb2
ffffffc4
ffffffdf
00000005
00000027
ffffffd7
ffffffcb
00000035
ffffffd0
ffffffdb
0000000b
ffffffe4
0000002f
00000061
0000004b
ffffffed
00000010
ffffffe6
ffffffc9
0000001c
ffffffd4
00000066
ffffffd4
0000007d
00000047
ffffffcb
00000010
ffffffd1
00000029
ffffffc8
ffffffdc
ffffffb3
ffffffaa
ffffffb8
ffffffe4
ffffffc5
ffffffcd
00000010
00000028
00000004
fffffff2
0000000c
0000000f
ffffffd7
00000042
ffffffde
0000002d
fffffff2
0000000b
ffffffef
00000004
ffffffd6
00000007
0000004f
ffffffc9
ffffffe6
00000034
0000006c
ffffffd5
ffffffb6
00000027
ffffffd1
00000095
00000031
ffffffcb
ffffffe0
ffffffde
ffffffc3
ffffffd3
fffffff0
ffffffd3
00000043
ffffffde
00000033
fffffffc
fffffffd
ffffffcf
ffffffea
ffffffc8
ffffffd9
ffffffdb
ffffffda
0000000a
ffffffdc
0000001d
ffffffe4
0000000a
0000002c
0000004f
ffffffc1
fffffff1
000000a6
00000038
ffffffb6
0000000f
ffffffd9
ffffffff
ffffffce
ffffffc0
00000060
0000002c
ffffffc6
00000000
ffffffde
fffffffe
ffffffc7
fffffff2
0000006e
ffffffb5
00000004
00000008
00000049
ffffffc8
ffffffa4
00000015
ffffffc9
00000044
0000006b
ffffffcc
00000011
00000034
00000033
00000018
ffffffa2
ffffffd4
ffffffe1
00000086
00000023
00000006
00000034
ffffffd2
00000054
ffffffce
0000001f
fffffff8
00000015
0000001c
00000018
fffffff2
00000027
fffffffa
fffffff1
0000003c
00000051
ffffffdf
fffffffb
00000091
00000024
ffffffcd
ffffffe3
00000027
00000016
00000020
00000012
ffffffc5
ffffffa4
000000b4
0000005d
0000003f
ffffffca
ffffffbb
00000052
fffffff2
0000002b
0000001b
ffffffbd
00000032
ffffffc6
ffffffd1
00000004
ffffffae
00000013
00000015
00000069
0000001d
ffffffd2
0000001a
ffffffcc
00000022
ffffffd7
ffffffbc
ffffffbd
000000aa
0000000c
ffffffa1
fffffffb
ffffffc5
fffffff9
0000002c
ffffffd7
0000001c
fffffffe
0000001b
ffffffe2
ffffffa5
ffffffad
00000035
ffffffcc
0000003e
ffffffd0
ffffffcd
00000026
fffffffc
00000013
fffffff8
0000002a
ffffffab
00000031
fffffff2
0000000d
0000001a
00000076
00000049
00000017
ffffffef
ffffffb4
0000002b
fffffff0
00000086
0000004a
00000008
fffffff0
ffffffc3
fffffff0
00000008
ffffffe1
ffffffe0
ffffffc2
00000008
ffffffde
ffffffba
0000005f
00000098
00000066
ffffffdb
ffffffba
00000017
ffffffe3
0000004d
00000017
ffffffd1
ffffffd4
ffffffd6
0000001c
00000031
00000013
00000025
00000053
ffffffdd
00000024
00000029
ffffffe5
ffffffd9
00000027
00000010
ffffffc8
00000000
ffffffee
ffffffd1
ffffffe1
fffffff4
fffffff9
00000005
0000000b
000000cc
00000013
ffffffd2
00000040
00000000
ffffffb1
0000000d
ffffffa9
fffffff6
00000011
0000004d
ffffff9e
0000001a
0000001e
fffffff5
ffffffdd
ffffffc8
ffffffea
00000018
00000018
ffffffe2
ffffffbe
00000026
ffffffd6
ffffffc9
ffffffda
ffffffbc
ffffffd3
fffffffe
ffffffc3
ffffffcd
0000001d
ffffffe6
ffffffdf
00000032
0000003e
ffffff9d
ffffffee
0000003e
ffffffe2
ffffffc1
ffffffce
ffffffe2
fffffff7
00000049
ffffffd7
ffffffd1
00000056
ffffffd2
00000005
ffffffbd
00000005
0000002d
00000008
ffffffce
00000030
0000000f
ffffffba
ffffffdd
00000023
ffffffcb
00000078
ffffffb9
ffffffce
ffffffb7
00000009
00000001
ffffffea
000000ba
0000003d
ffffffec
ffffffec
00000058
00000060
ffffffd6
0000005d
ffffffbd
ffffffd4
00000005
00000001
0000001b
0000005d
ffffffef
ffffffd6
0000002d
00000042
00000000
ffffffeb
fffffff7
fffffff6
000000a8
ffffffd1
ffffffff
0000005d
ffffffb6
00000016
0000007e
00000026
fffffff1
0000008e
0000008e
00000002
ffffffcc
00000070
ffffffcb
0000002d
ffffffd6
ffffffc4
ffffffcd
ffffffd2
00000037
00000012
ffffff9e
ffffffea
0000002c
ffffffd9
00000088
0000000b
ffffffe5
00000038
ffffffc4
ffffffcf
ffffffdc
fffffffd
00000022
ffffffd7
ffffffcf
0000002a
ffffffd1
ffffffd5
00000013
ffffffe4
0000002e
00000065
00000049
fffffffb
00000012
ffffffe6
ffffffc8
0000000e
ffffffd8
00000056
ffffffdf
00000081
00000040
ffffffc2
0000001e
ffffffcd
0000002a
ffffffd3
ffffffe4
ffffffb1
ffffffa7
ffffffae
fffffff3
ffffffd0
ffffffd0
0000001b
00000021
fffffff5
fffffffd
0000000e
0000000f
ffffffd1
00000044
ffffffc9
00000026
ffffffeb
00000002
ffffffec
00000002
ffffffc0
fffffffb
0000006a
ffffffc9
ffffffdf
0000002b
0000006e
ffffffd4
ffffffc4
0000001b
ffffffcb
0000008a
0000004f
ffffffe9
ffffffde
ffffffe0
ffffffc3
ffffffb9
ffffffce
ffffffdb
0000003c
fffffffc
00000015
00000021
fffffff5
ffffffc4
fffffff2
ffffffc6
ffffffe8
ffffffe6
ffffffe0
fffffff2
ffffffe7
00000008
ffffffe4
0000001e
00000017
00000047
ffffffc6
fffffffc
000000b2
0000003c
ffffffac
fffffff4
ffffffd0
fffffff8
ffffffd3
ffffffc6
0000006f
0000002e
ffffffc0
fffffff8
ffffffc6
fffffff5
ffffffca
fffffff3
00000076
ffffffb4
fffffffb
00000004
0000004f
ffffffd9
ffffffae
00000016
ffffffc1
00000043
0000006a
ffffffcf
00000003
00000028
00000023
00000009
ffffff9a
ffffffc8
ffffffd8
00000078
0000001f
fffffff9
00000026
ffffffd2
00000047
ffffffc5
00000026
00000001
00000010
0000000f
0000000a
ffffffee
00000014
fffffffc
fffffff6
0000003e
00000054
ffffffe4
ffffffe5
000000a8
00000021
ffffffda
ffffffd9
0000003e
00000025
00000013
00000015
ffffffc4
ffffffa1
000000a8
0000006b
00000031
ffffffcc
ffffffbf
0000004d
ffffffdb
00000047
00000031
ffffffc0
00000036
ffffffba
ffffffde
00000009
ffffffac
00000020
0000000b
0000005b
0000001c
ffffffd4
00000017
ffffffcb
00000022
ffffffd4
ffffffc8
ffffffb9
000000af
fffffff8
ffffff92
fffffff2
ffffffc2
fffffff2
00000021
ffffffcf
0000001d
fffffff3
00000038
ffffffdb
ffffffa9
ffffffb4
00000037
ffffffcc
0000004a
ffffffcf
ffffffd4
00000020
00000008
00000006
fffffffa
00000023
ffffffb1
0000002b
0000000d
fffffff8
0000001f
00000080
00000041
0000000a
ffffffed
ffffffbe
00000023
ffffffed
00000077
00000055
00000007
fffffff8
ffffffbb
ffffffec
00000001
ffffffdb
ffffffd5
ffffffbe
00000014
ffffffe5
ffffffb6
00000073
0000008f
0000006d
ffffffe6
ffffffb7
00000007
ffffffd6
0000005e
0000001f
ffffffdc
ffffffd4
ffffffd9
00000017
00000043
00000005
0000000a
00000054
ffffffdc
0000001a
00000022
fffffff2
ffffffe9
00000022
00000013
ffffffc9
00000000
ffffffef
ffffffd2
ffffffed
fffffff8
fffffff9
00000026
fffffff9
000000c8
00000017
ffffffbf
00000045
0000000b
ffffffab
00000008
ffffffa7
fffffffe
0000000e
0000005c
ffffffaa
0000001d
00000027
0000000d
ffffffdd
ffffffd0
ffffffea
ffffffff
00000022
ffffffe6
ffffffc5
0000002a
ffffffd9
ffffffc4
ffffffd0
ffffffbe
ffffffd7
00000019
ffffffc2
ffffffc9
00000011
ffffffe7
ffffffdc
00000035
00000026
ffffff97
0000000b
00000038
fffffff2
ffffffc7
ffffffd0
fffffff2
ffffffec
00000044
ffffffe7
ffffffd9
0000004f
ffffffd6
ffffffff
ffffffb9
00000002
0000002c
00000010
ffffffca
00000024
00000018
ffffffcd
ffffffd9
00000015
ffffffc0
00000082
ffffffb5
ffffffcc
ffffffb4
00000005
fffffff8
ffffffe9
000000bf
0000003c
ffffffdc
fffffff9
00000058
00000070
ffffffee
00000073
ffffffc0
ffffffc4
00000006
00000001
0000002b
00000058
ffffffe4
ffffffd9
0000002e
00000042
0000000e
fffffff1
fffffff2
ffffffed
000000a7
ffffffdc
fffffff6
00000051
ffffffba
0000001c
00000080
0000001d
ffffffdd
0000008d
00000096
ffffffe2
ffffffc9
00000066
ffffffbc
00000035
ffffffda
ffffffc1
ffffffc1
ffffffcc
00000038
00000006
ffffffaa
fffffff1
0000001d
ffffffe3
0000008f
00000004
ffffffde
0000002b
ffffffbc
ffffffd1
ffffffcc
00000008
00000026
ffffffd4
ffffffca
00000033
ffffffd1
ffffffde
00000000
ffffffe8
0000002f
00000056
0000004b
fffffff3
00000023
ffffffe6
ffffffc2
0000001a
ffffffd0
0000005d
ffffffdf
00000090
0000002c
ffffffc6
00000028
ffffffc5
00000025
ffffffc0
ffffffec
ffffffb0
ffffff98
ffffffb1
ffffffee
ffffffd7
ffffffd0
00000013
0000002d
ffffffff
fffffff6
00000006
00000014
ffffffcc
00000038
ffffffbd
0000002f
fffffff4
fffffff1
fffffff1
ffffffff
ffffffc9
00000008
00000068
ffffffc5
ffffffd9
0000002e
0000006f
ffffffd2
ffffffc3
0000001b
ffffffd1
00000094
0000005e
ffffffdb
ffffffdf
ffffffe2
ffffffba
ffffffc4
ffffffd5
ffffffd7
0000004a
fffffff0
0000001c
00000014
ffffffff
ffffffd5
fffffff2
ffffffbb
ffffffe2
ffffffee
ffffffd9
00000002
ffffffdf
00000004
ffffffe3
0000001a
00000025
0000004f
ffffffce
ffffffe7
000000b9
0000003d
ffffffa6
fffffff7
ffffffc9
fffffff6
ffffffc9
ffffffc9
00000075
0000002e
ffffffc9
ffffffec
ffffffcd
fffffff3
ffffffcf
ffffffeb
00000077
ffffffb0
00000000
00000009
00000068
ffffffdb
ffffffb7
00000014
ffffffc5
0000002e
00000072
ffffffba
0000000a
00000028
0000002c
00000007
ffffffa4
ffffffc8
ffffffd4
0000008c
00000020
fffffffd
00000025
ffffffd4
0000004f
ffffffc5
0000002d
00000001
0000000d
0000000b
0000000a
fffffffd
00000017
fffffff9
fffffff4
00000050
00000062
ffffffdc
ffffffea
000000ad
0000001a
ffffffcd
ffffffe6
00000033
00000021
00000023
00000013
ffffffc3
ffffffa3
000000af
00000067
00000034
ffffffcb
ffffffb2
0000004c
ffffffd5
00000040
00000028
ffffffc9
0000004a
ffffffbf
ffffffd0
00000008
ffffffa8
0000002a
00000016
0000006d
00000019
ffffffd0
00000020
ffffffc8
0000001e
ffffffd0
ffffffd0
ffffffb3
000000b3
fffffffe
ffffff8d
fffffff4
ffffffbe
fffffff1
0000002b
ffffffd1
00000025
fffffff8
00000032
ffffffe3
ffffffa7
ffffffb5
00000032
ffffffc4
00000041
ffffffcf
ffffffd2
0000001f
fffffff3
00000005
fffffff7
00000025
ffffffae
00000036
00000009
00000005
0000001a
0000007e
00000049
00000007
ffffffef
ffffffaf
00000022
ffffffe2
0000006d
00000055
fffffffd
fffffff6
ffffffc5
ffffffe5
00000004
ffffffd0
ffffffdb
ffffffc2
00000015
ffffffdf
ffffffc1
00000064
00000091
00000073
ffffffd8
ffffffb2
00000012
ffffffc8
00000052
0000001b
ffffffcd
ffffffd4
ffffffda
00000021
00000026
0000000e
0000000c
00000053
ffffffde
00000022
00000026
fffffff3
ffffffe4
0000003c
0000000e
ffffffc4
00000000
ffffffee
ffffffd5
ffffffeb
fffffffa
fffffff9
00000018
00000006
000000bf
00000029
ffffffc7
0000004a
00000004
ffffffb8
fffffffb
ffffffae
00000006
00000009
00000054
ffffffa3
0000001b
0000001d
00000010
ffffffde
ffffffd5
ffffffec
00000001
00000020
ffffffe2
ffffffc5
0000002f
ffffffd3
ffffffc2
ffffffb9
ffffffba
ffffffd8
00000013
ffffffc7
ffffffc3
00000014
ffffffef
ffffffdd
0000004b
00000024
ffffff93
00000012
00000033
ffffffec
ffffffc0
ffffffcd
fffffff1
fffffffd
0000003f
ffffffe0
ffffffdd
00000052
ffffffca
00000003
ffffffb1
00000007
00000038
00000015
ffffffcc
00000020
00000009
ffffffd1
ffffffc3
00000009
ffffffb9
0000007c
ffffffaa
ffffffce
ffffffb6
0000000c
fffffff4
ffffffe9
000000c2
0000004d
ffffffe6
fffffffe
00000057
00000078
ffffffe2
0000005f
ffffffc3
ffffffc9
0000000c
fffffff0
0000002b
00000067
ffffffeb
ffffffc9
0000002f
0000004f
0000000a
fffffff1
fffffff2
fffffff4
000000b4
ffffffdb
fffffff3
0000004d
ffffffc0
00000020
0000007c
00000023
ffffffed
00000088
000000a5
fffffff6
ffffffd4
00000081
ffffffaf
0000002f
ffffffd4
ffffffc3
ffffffd2
ffffffcd
0000002a
00000004
ffffffa9
ffffffef
00000016
ffffffe6
00000089
00000012
ffffffdc
00000038
ffffffb1
ffffffbf
ffffffd3
0000000b
00000036
ffffffd6
ffffffc2
00000029
ffffffd0
ffffffdb
00000007
ffffffe0
00000034
00000065
0000004e
ffffffe4
00000024
ffffffe6
ffffffba
00000026
ffffffcd
00000066
ffffffdf
00000079
0000003b
ffffffc9
00000029
ffffffcd
00000014
ffffffc1
ffffffe7
ffffffae
ffffff94
ffffffb6
ffffffe5
ffffffd0
ffffffce
00000003
0000002d
00000021
fffffff6
fffffffe
00000000
ffffffc3
00000038
ffffffc8
00000020
00000004
ffffffea
ffffffe4
fffffffb
ffffffd1
0000000b
00000060
ffffffc7
ffffffde
00000037
00000060
ffffffd7
ffffffc1
0000001a
ffffffcf
0000008b
00000052
ffffffda
ffffffe7
ffffffdf
ffffffbd
ffffffce
ffffffe3
ffffffd8
00000046
fffffffb
00000024
0000000c
0000000d
ffffffda
ffffffef
ffffffd0
ffffffea
ffffffe3
ffffffda
00000005
ffffffd6
00000015
ffffffe4
00000015
0000001b
0000003f
ffffffcd
fffffff1
000000b7
00000032
ffffffac
00000000
ffffffd0
ffffffea
ffffffce
ffffffbc
00000071
0000002d
ffffffc4
ffffffeb
ffffffcc
ffffffec
ffffffcc
ffffffde
00000070
ffffffb0
fffffffc
fffffffe
0000005a
ffffffd8
ffffffac
00000019
ffffffcd
0000003e
00000064
ffffffba
00000005
00000022
00000032
0000000a
ffffffa6
ffffffd1
ffffffce
00000086
00000014
00000002
00000024
ffffffd3
00000046
ffffffc7
00000028
0000000f
0000000d
00000008
00000011
ffffffe5
00000016
fffffff6
fffffff6
00000052
00000061
ffffffe4
00000001
00000099
0000000b
ffffffcf
ffffffe0
00000024
00000021
00000012
00000017
ffffffc4
ffffffae
000000b0
0000005b
00000027
ffffffcb
ffffffb9
0000004b
ffffffe3
0000002f
00000020
ffffffca
0000003b
ffffffb3
ffffffd4
fffffffb
ffffffa3
0000001c
00000016
0000006e
00000032
ffffffcc
0000001e
ffffffc7
00000013
ffffffd2
ffffffcd
ffffffb4
000000a5
0000000c
ffffff97
ffffffee
ffffffbc
fffffff9
0000003b
ffffffda
00000016
ffffffe7
00000020
ffffffe1
ffffffa9
ffffffb3
00000025
ffffffb8
00000045
ffffffd3
ffffffdd
0000001f
ffffffef
ffffffff
fffffffd
00000025
ffffffad
0000002c
00000002
fffffffd
0000001c
0000007b
0000005b
00000013
ffffffe8
ffffffb4
00000016
fffffff2
0000006c
0000003e
00000009
fffffff8
ffffffce
ffffffed
fffffffa
ffffffd0
ffffffd8
ffffffc4
00000010
ffffffdf
ffffffc1
00000056
0000008e
0000006d
ffffffd7
ffffffac
00000014
ffffffce
0000004f
0000002d
ffffffd3
ffffffd6
ffffffda
0000001e
0000002a
00000010
0000000a
0000004b
ffffffdf
00000025
00000023
ffffffea
ffffffec
00000030
00000013
ffffffca
fffffff5
ffffffef
ffffffd0
ffffffef
ffffffe1
fffffff9
0000001c
00000008
000000b1
0000001f
ffffffd3
00000036
00000015
ffffffb7
00000019
ffffffad
00000014
00000000
00000056
ffffffa1
00000020
0000001e
00000007
ffffffdc
ffffffd7
ffffffee
00000006
00000028
ffffffde
ffffffc0
00000027
ffffffd2
ffffffc8
ffffffbd
ffffffc2
ffffffc9
0000000c
ffffffd0
ffffffc3
0000001e
fffffff3
ffffffdc
00000048
00000028
ffffff9c
00000000
0000004f
ffffffe5
ffffffc3
ffffffd1
ffffffe8
00000000
0000004b
ffffffd7
ffffffd7
00000051
ffffffd7
fffffff8
ffffffb3
00000006
00000027
00000004
ffffffc7
00000010
00000002
ffffffc4
ffffffc9
00000015
ffffffb9
00000092
ffffffbe
ffffffce
ffffffb2
fffffffd
00000007
ffffffe9
000000b1
00000055
ffffffe2
fffffff6
00000061
00000067
ffffffde
00000062
ffffffbe
ffffffd3
fffffff3
ffffffee
0000003b
00000057
00000005
ffffffcb
00000036
00000063
00000002
00000001
fffffff9
fffffff0
000000b1
ffffffd0
ffffffe2
0000005c
ffffffbc
00000021
00000074
0000001b
ffffffea
00000089
00000092
fffffffb
ffffffce
0000007e
ffffffc1
0000002d
ffffffd2
ffffffc0
ffffffd2
ffffffce
0000001d
00000009
ffffffb6
fffffff1
00000012
ffffffe8
0000007f
00000019
ffffffdf
00000023
ffffffc1
ffffffbd
ffffffe8
fffffffc
0000002e
ffffffd6
ffffffce
0000002e
ffffffcd
ffffffd9
fffffffc
ffffffe5
0000003b
00000060
00000043
ffffffe8
0000001e
ffffffeb
ffffffc9
0000001d
ffffffd3
00000056
ffffffd8
00000083
0000003a
ffffffc5
0000001f
ffffffc9
00000031
ffffffbf
ffffffed
ffffffb1
ffffff9c
ffffffb5
ffffffe7
ffffffd2
ffffffd6
00000009
0000002c
00000006
fffffff0
0000000e
ffffffff
ffffffcf
00000041
ffffffca
00000022
00000004
fffffff3
ffffffed
00000002
ffffffd6
0000000a
00000067
ffffffc2
ffffffe5
00000030
00000069
ffffffd0
ffffffc5
0000001e
ffffffc5
00000086
00000054
ffffffd5
ffffffe2
ffffffe7
ffffffc4
ffffffc4
ffffffdd
ffffffda
00000042
fffffffb
0000002b
00000009
fffffffc
ffffffdd
ffffffed
ffffffc4
ffffffd9
ffffffee
ffffffd9
00000007
ffffffde
00000008
ffffffe8
00000016
0000001a
0000003b
ffffffd6
ffffffec
000000b5
0000003f
ffffffb0
fffffffe
ffffffce
fffffff9
ffffffd3
ffffffbf
00000076
00000034
ffffffc5
fffffff5
ffffffc8
fffffff5
ffffffda
ffffffec
0000007b
ffffffb4
0000000d
00000002
00000060
ffffffda
ffffffad
0000000c
ffffffc6
00000032
00000064
ffffffc8
00000002
0000001b
0000002f
00000010
ffffffb2
ffffffcc
ffffffe2
0000008e
0000001b
fffffffd
0000002c
ffffffdf
0000003c
ffffffd4
00000032
fffffffe
00000004
0000000a
0000000b
ffffffeb
00000016
fffffffb
ffffffea
0000005b
00000065
ffffffd8
fffffff9
0000009f
0000000d
ffffffcd
ffffffdf
0000002d
00000022
00000012
00000013
ffffffc1
ffffffab
000000ab
00000054
00000035
ffffffcd
ffffffb8
00000045
ffffffe5
00000030
00000017
ffffffd2
00000041
ffffffc1
ffffffe5
0000000b
ffffffb4
0000001f
00000014
0000006b
00000022
ffffffd1
00000022
ffffffcf
00000018
ffffffd7
ffffffca
ffffffc2
000000aa
ffffffed
ffffffa5
fffffffa
ffffffc3
fffffff5
00000026
ffffffd5
0000001a
ffffffe5
00000027
ffffffdd
ffffff9f
ffffffb3
00000023
ffffffc2
0000003f
ffffffd2
ffffffd9
00000017
00000006
00000003
ffffffff
0000002a
ffffffb4
00000036
00000008
00000007
00000020
00000069
00000043
00000010
fffffff6
ffffffa8
00000016
ffffffe0
00000065
0000004d
00000007
ffffffec
ffffffd9
ffffffeb
fffffff3
ffffffcd
ffffffca
ffffffc6
00000011
ffffffe4
ffffffbb
00000061
0000008b
0000006f
ffffffd1
ffffffb4
00000015
ffffffd0
00000042
00000028
ffffffce
ffffffd5
ffffffdd
0000001a
0000002c
0000000b
00000010
0000004e
ffffffe1
00000027
00000027
fffffff4
ffffffd9
00000025
00000011
ffffffc6
fffffffc
fffffff0
ffffffd2
ffffffe6
fffffff2
fffffffa
00000017
fffffff1
000000b9
00000022
ffffffcb
00000032
00000008
ffffffbf
ffffffff
ffffffb0
00000013
0000000a
0000004f
ffffffa9
00000022
00000019
00000004
ffffffd6
ffffffd9
ffffffea
0000000f
0000001f
ffffffe1
ffffffc3
0000002e
ffffffd7
ffffffcb
ffffffbf
ffffffc0
ffffffd5
0000000c
ffffffc5
ffffffc7
00000009
ffffffe1
ffffffdd
00000049
00000032
ffffffa2
00000000
00000035
ffffffda
ffffffcb
ffffffcd
ffffffe0
ffffffef
00000041
ffffffdb
ffffffd3
00000044
ffffffd7
fffffffe
ffffffb8
fffffffc
00000039
0000000f
ffffffc4
00000019
00000015
ffffffd0
ffffffcb
00000010
ffffffba
00000085
ffffffc2
ffffffd3
ffffffb4
0000000b
fffffffc
ffffffea
000000b4
00000048
fffffff0
fffffffb
00000058
0000006e
ffffffea
00000060
ffffffc0
ffffffd4
0000000e
00000002
00000030
00000061
ffffffee
ffffffd3
0000002c
00000050
00000002
fffffff9
fffffff4
ffffffea
000000a6
ffffffd0
fffffff4
00000062
ffffffba
0000001d
0000006f
00000029
ffffffe8
00000093
00000098
ffffffe9
ffffffce
00000079
ffffffb2
00000039
ffffffd0
ffffffc6
ffffffd3
ffffffdd
0000002d
00000002
ffffffaa
fffffff4
00000012
fffffff0
00000085
0000000d
ffffffe9
0000002a
ffffffb4
ffffffc4
ffffffdd
00000018
0000002a
ffffffd8
ffffffc7
00000028
ffffffcb
ffffffdc
00000002
ffffffe9
00000030
0000005e
00000042
ffffffe8
0000001b
ffffffea
ffffffc5
00000016
ffffffcd
0000005e
ffffffd3
0000007d
00000041
ffffffbf
0000002e
ffffffc9
0000002b
ffffffb6
ffffffe4
ffffffac
ffffff9c
ffffffb9
fffffff1
ffffffc5
ffffffc9
00000004
0000002e
0000000c
fffffff1
00000006
fffffff4
ffffffbd
0000004a
ffffffc3
0000001f
ffffffff
fffffff8
fffffff4
0000000a
ffffffc0
0000000d
00000069
ffffffbc
ffffffec
0000002e
0000006d
ffffffd3
ffffffc3
00000029
ffffffc4
00000086
0000004f
ffffffd4
ffffffe0
ffffffe7
ffffffc7
ffffffc1
ffffffe9
ffffffd4
00000037
fffffffd
00000036
00000010
0000000f
ffffffd7
ffffffeb
ffffffc6
ffffffd7
ffffffe8
ffffffdd
00000001
ffffffe0
00000008
ffffffe1
00000038
00000012
00000040
ffffffcf
fffffff9
000000b1
0000003b
ffffffb6
0000000d
ffffffd1
ffffffec
ffffffd5
ffffffbd
00000076
00000032
ffffffc5
fffffff3
ffffffc0
ffffffe6
ffffffd3
ffffffe2
0000007c
ffffffae
00000008
fffffff4
00000059
ffffffd3
ffffffbe
00000008
ffffffc3
00000042
0000006f
ffffffbb
00000004
00000018
0000003d
00000011
ffffffa8
ffffffd0
ffffffdb
0000008f
0000001e
fffffff4
00000023
ffffffd1
0000003d
ffffffd6
0000002c
fffffffa
00000000
00000008
00000003
ffffffec
00000015
0000000c
ffffffef
00000050
0000006c
ffffffd9
fffffff5
000000ae
00000006
ffffffcd
ffffffe2
00000031
00000025
00000020
0000000f
ffffffbc
ffffffae
000000be
00000057
0000002a
ffffffc9
ffffffbe
0000004a
ffffffee
00000039
0000001d
ffffffcd
0000004b
ffffffb3
ffffffe3
00000003
ffffffab
00000013
00000011
00000069
00000027
ffffffd1
0000001d
ffffffd3
0000001c
ffffffd2
ffffffc4
ffffffb8
000000a4
fffffff9
ffffff9d
fffffff2
ffffffc1
00000003
0000003a
ffffffc0
00000025
ffffffdd
00000032
ffffffde
ffffff95
ffffffaf
0000002c
ffffffbd
0000004b
ffffffd2
ffffffe1
0000001c
ffffffe7
fffffffb
00000001
0000002d
ffffffad
00000038
00000002
ffffffff
00000018
0000006d
0000004f
00000018
fffffff4
ffffffa8
00000018
ffffffe2
00000062
0000003d
00000014
ffffffef
ffffffe1
ffffffe3
ffffffee
ffffffd1
ffffffc5
ffffffc3
00000012
ffffffe3
ffffffb6
0000006b
0000008c
00000074
ffffffd5
ffffffb0
0000000e
ffffffdf
00000050
0000002e
ffffffd0
ffffffd2
ffffffdc
00000021
00000029
00000015
0000000e
00000049
ffffffe2
00000021
0000002a
fffffff1
ffffffe9
00000024
00000015
ffffffc1
fffffffc
ffffffef
ffffffd0
ffffffdc
ffffffe3
fffffff9
00000020
fffffff2
000000bf
0000001f
ffffffcf
0000002c
00000013
ffffffbd
0000000c
ffffffb4
00000012
00000004
00000056
ffffffb1
00000023
00000029
00000004
ffffffe9
ffffffd2
ffffffe1
00000007
0000002e
ffffffe1
ffffffc3
0000002e
ffffffd7
ffffffc8
ffffffc4
ffffffc2
ffffffcd
00000002
ffffffce
ffffffca
0000001b
ffffffe1
ffffffdc
00000046
0000002f
ffffff9b
ffffffff
00000044
ffffffe5
ffffffd1
ffffffda
ffffffe0
ffffffee
0000004c
ffffffdd
ffffffcd
0000004b
ffffffdc
fffffffb
ffffffb1
ffffffe1
00000035
00000018
ffffffc0
00000010
00000006
ffffffd3
ffffffcf
0000000b
ffffffb4
00000084
ffffffc3
ffffffd0
ffffffb4
00000004
0000000a
ffffffe8
000000b1
00000047
ffffffe6
fffffff7
0000005f
00000063
fffffff2
00000072
ffffffbd
ffffffc6
00000009
fffffffc
0000003c
00000063
fffffff0
ffffffce
00000021
00000052
00000004
00000000
fffffffb
ffffffdb
000000a4
ffffffde
ffffffe9
00000058
ffffffbd
0000001b
0000007f
0000002c
ffffffe7
0000008f
00000092
ffffffe9
ffffffd1
00000089
ffffffc0
0000003a
ffffffc8
ffffffc0
ffffffcf
ffffffcd
00000033
0000000a
ffffffa2
fffffff0
0000001b
ffffffef
00000082
00000007
ffffffe3
00000029
ffffffc1
ffffffbf
ffffffd3
0000000f
0000002d
ffffffd6
ffffffc3
00000023
ffffffc8
ffffffda
00000003
ffffffe9
00000029
00000061
00000045
ffffffe1
0000001f
ffffffea
ffffffbf
0000000c
ffffffcf
00000054
ffffffe0
00000074
00000031
ffffffcc
0000001f
ffffffc8
00000020
ffffffbb
fffffff2
ffffffb4
ffffffa4
ffffffbd
fffffff0
ffffffd5
ffffffd5
00000014
0000002f
0000000e
fffffff1
00000009
0000000c
ffffffca
0000003a
ffffffd2
00000030
fffffffa
ffffffe9
ffffffde
00000003
fffffff7
fffffff9
00000063
ffffffc6
ffffffd7
0000003b
00000051
ffffffd2
ffffffc2
00000029
ffffffc0
00000080
00000051
ffffffc9
ffffffe5
ffffffdf
ffffffc6
ffffffd9
ffffffe9
ffffffd4
00000040
fffffff2
00000025
fffffffd
00000009
ffffffe5
fffffff5
ffffffc8
ffffffda
ffffffee
ffffffda
00000007
ffffffd7
0000001c
ffffffe8
0000000f
0000001d
0000003b
ffffffca
fffffffe
000000ab
00000039
ffffffb7
fffffffe
ffffffd3
fffffffe
ffffffd2
ffffffc1
00000069
0000002f
ffffffc7
fffffff0
ffffffcf
fffffff3
ffffffe4
ffffffe2
00000076
ffffffb5
00000002
00000002
0000006b
ffffffd9
ffffffb8
00000002
ffffffcb
0000003d
0000005c
ffffffd7
ffffffff
00000025
0000002a
00000010
ffffffac
ffffffce
ffffffd8
00000080
00000010
00000011
00000021
ffffffe4
00000037
ffffffdd
0000002a
fffffffe
00000005
00000015
00000013
ffffffe7
0000001d
fffffff3
ffffffea
0000004e
00000060
ffffffdd
ffffffee
00000082
00000007
ffffffd2
ffffffd0
00000028
00000020
00000006
0000000e
ffffffc9
ffffffb8
000000ba
00000044
00000036
ffffffd1
ffffffb7
00000046
ffffffed
0000002a
00000020
ffffffd1
00000043
ffffffd3
ffffffcf
0000000d
ffffffa9
00000014
00000016
00000073
00000032
ffffffd0
0000001c
ffffffc8
00000014
ffffffd8
ffffffd7
ffffffbf
000000b2
00000000
ffffffb3
ffffffeb
ffffffc8
ffffffed
00000032
ffffffdd
00000013
ffffffd6
00000019
ffffffe1
ffffffba
ffffffb0
0000000f
ffffffc0
0000004a
ffffffd6
ffffffd5
00000014
0000000d
00000001
fffffffe
00000024
ffffffb3
00000023
fffffffd
0000000a
00000028
0000006c
00000040
0000001f
00000005
ffffffaa
00000016
ffffffec
00000066
00000032
fffffff2
ffffffea
ffffffd1
00000001
fffffffb
ffffffcd
ffffffe2
ffffffce
00000012
ffffffe2
ffffffc8
0000005b
00000084
0000005a
ffffffd6
ffffffaa
0000000d
ffffffc7
0000002d
00000017
ffffffd3
ffffffd7
ffffffde
0000001a
00000019
00000026
00000005
00000041
ffffffe4
00000018
0000002f
ffffffeb
ffffffd5
00000022
00000010
ffffffcf
fffffffc
fffffff0
ffffffd3
fffffff3
ffffffe3
fffffffa
00000027
fffffffe
000000bd
00000021
ffffffd4
00000028
00000016
ffffffc3
00000001
ffffffbd
0000000f
00000007
00000043
ffffffab
00000011
0000001b
0000000b
ffffffd6
ffffffd6
ffffffee
00000007
0000001a
ffffffe2
ffffffbd
0000001e
ffffffd4
ffffffd7
ffffffc8
ffffffc3
ffffffce
00000009
ffffffcb
ffffffb9
00000010
fffffff7
ffffffe0
00000041
00000031
ffffffaa
fffffff8
0000003c
ffffffe0
ffffffd5
ffffffd2
fffffff0
0000000a
0000004f
ffffffcf
ffffffd8
00000043
ffffffd3
ffffffff
ffffffaf
00000008
00000036
0000000f
ffffffd1
00000027
00000016
ffffffc1
ffffffd2
00000013
ffffffbe
00000081
ffffffc3
ffffffd4
ffffffaf
fffffff6
fffffff8
ffffffeb
000000b2
00000042
fffffff0
00000002
00000058
0000006c
ffffffe9
00000063
ffffffc8
ffffffd5
fffffff7
fffffff1
0000003b
0000006e
fffffff5
ffffffc7
0000003c
00000053
fffffff7
fffffff5
ffffffff
ffffffef
000000a2
ffffffd3
fffffff3
00000060
ffffffbf
00000027
00000068
00000021
fffffffb
0000008a
00000091
fffffff5
ffffffd0
00000072
ffffffbf
00000031
ffffffe2
ffffffc5
ffffffc9
ffffffcf
00000026
00000008
ffffffa6
fffffffc
0000000f
ffffffdb
0000007f
00000015
fffffffb
00000035
ffffffb4
ffffffb9
fffffffe
00000018
00000036
ffffffd9
ffffffca
00000023
ffffffc7
ffffffdb
00000005
ffffffe9
00000037
00000050
0000003e
fffffff6
0000001e
ffffffed
ffffffc6
00000013
ffffffd2
00000066
ffffffd2
0000007e
00000039
ffffffd2
00000008
ffffffda
0000001e
ffffffb8
ffffffe1
ffffffb2
ffffff9e
ffffffb9
ffffffd2
ffffffcb
ffffffd3
00000003
0000002e
0000001b
ffffffe6
fffffffc
00000022
ffffffe0
00000037
ffffffc8
0000002a
fffffff2
fffffff7
ffffffe9
0000000e
ffffffd7
00000016
0000004b
ffffffc8
ffffffed
0000002a
00000062
ffffffd7
ffffffbd
00000026
ffffffd8
00000088
00000043
ffffffc2
ffffffe3
ffffffe0
ffffffc2
ffffffe0
fffffff4
ffffffdc
00000045
ffffffe0
00000031
00000008
0000000f
ffffffdf
ffffffe7
ffffffd7
ffffffeb
ffffffda
ffffffd7
00000005
ffffffc8
00000020
ffffffe3
0000000c
00000029
00000053
ffffffc4
ffffffed
000000b0
0000002a
ffffffbc
0000000a
ffffffd6
00000008
ffffffc7
ffffffc6
00000062
0000002f
ffffffc6
fffffff9
ffffffd3
00000006
ffffffd0
ffffffdb
00000071
ffffffb7
00000004
00000006
00000053
ffffffcb
ffffffb3
00000007
ffffffcf
0000002c
0000006b
ffffffc6
00000015
00000046
0000002e
00000018
ffffffb6
ffffffd7
ffffffcb
00000089
00000020
00000009
00000030
ffffffcb
0000005d
ffffffd0
00000017
fffffffa
0000000b
0000001c
00000011
fffffff3
00000028
fffffff1
fffffff6
0000004b
00000058
ffffffe0
00000005
00000097
00000009
ffffffc8
ffffffdf
0000001e
00000020
0000001e
00000009
ffffffc8
ffffffb2
000000a9
0000004c
00000030
ffffffc9
ffffffbb
00000049
fffffff6
00000030
0000001c
ffffffbe
0000002f
ffffffc0
ffffffde
fffffffa
ffffffa6
00000017
0000001c
0000006b
00000023
ffffffd1
0000000e
ffffffcb
00000010
ffffffd4
ffffffc6
ffffffbd
000000aa
00000011
ffffff90
00000008
ffffffc3
ffffffff
00000035
ffffffdd
00000030
fffffff3
0000000b
ffffffe9
ffffffac
ffffffb0
00000022
ffffffc0
00000049
ffffffd4
ffffffce
0000001e
ffffffe5
0000000c
0000000a
0000002d
ffffffa7
00000031
fffffff1
00000014
00000015
0000006a
00000053
0000001d
fffffff1
ffffffb8
0000001f
ffffffed
0000006e
00000033
00000014
ffffffeb
ffffffc8
ffffffef
00000014
ffffffd8
ffffffed
ffffffb8
00000009
ffffffda
ffffffcd
00000058
00000098
00000061
ffffffd8
ffffffad
0000001e
ffffffd4
00000042
00000018
ffffffcb
ffffffd7
ffffffd3
00000018
0000001f
00000013
00000018
00000049
ffffffde
00000016
00000010
ffffffcd
fffffff0
0000002e
00000015
ffffffcb
00000000
ffffffee
ffffffd3
ffffffd8
fffffff8
fffffff9
0000000d
00000006
000000ba
00000032
ffffffdd
00000037
00000002
ffffffc6
fffffff8
ffffffb9
00000001
00000003
00000053
ffffffb2
00000009
00000023
fffffffe
fffffff1
ffffffc5
ffffffe5
00000018
0000001a
ffffffdd
ffffffc3
00000025
ffffffd6
ffffffc7
ffffffca
ffffffc1
ffffffcc
fffffffc
ffffffd5
ffffffc6
00000027
fffffffd
ffffffdf
00000044
0000002c
ffffffa4
fffffff5
0000004a
ffffffe4
ffffffc9
ffffffd7
ffffffec
fffffff9
00000042
ffffffd3
ffffffcd
0000004e
ffffffd6
fffffff8
ffffffb1
00000007
00000023
00000015
ffffffcd
00000016
00000003
ffffffb8
ffffffdb
00000010
ffffffc9
00000084
ffffffc5
ffffffd0
ffffffbf
00000005
00000013
ffffffea
000000af
0000003e
ffffffed
ffffffee
00000057
0000005c
ffffffdc
0000004d
ffffffb8
ffffffdf
00000005
fffffff8
0000002f
00000058
fffffff5
ffffffd4
00000025
0000004f
00000000
fffffffe
fffffffd
ffffffe7
000000a9
ffffffcc
ffffffea
00000045
ffffffbf
0000000e
00000075
0000001c
00000001
00000086
00000080
ffffffff
ffffffdd
00000076
ffffffc8
00000021
ffffffcf
ffffffc2
ffffffda
ffffffd6
0000002f
0000001c
ffffffb1
ffffffe0
00000023
ffffffd9
00000089
0000001b
ffffffd8
0000002d
ffffffcb
ffffffc3
ffffffe1
00000001
00000027
ffffffda
ffffffd5
00000022
ffffffd4
ffffffd5
00000010
ffffffe3
00000037
0000005e
00000041
00000004
00000012
ffffffe8
ffffffd0
00000009
ffffffd9
00000060
ffffffe0
0000006b
00000043
ffffffcd
0000000f
ffffffd0
00000021
ffffffbc
ffffffe1
ffffffb2
ffffffb1
ffffffb5
ffffffea
ffffffce
ffffffd9
0000000e
00000018
00000015
ffffffe6
00000019
00000028
ffffffe5
0000002c
ffffffcf
0000002a
ffffffee
0000000d
ffffffe4
00000007
ffffffde
00000004
0000004c
ffffffc4
fffffff0
0000002f
0000005f
ffffffd4
ffffffad
0000001f
ffffffd1
00000088
00000050
ffffffd6
ffffffe6
ffffffdd
ffffffc1
ffffffd0
ffffffef
ffffffd7
00000037
ffffffea
0000002a
0000000e
0000000e
ffffffd0
ffffffde
ffffffd1
ffffffeb
ffffffe6
ffffffdd
00000006
ffffffd4
00000017
ffffffe5
0000000e
00000025
00000050
ffffffcc
fffffff9
000000a9
00000032
ffffffb4
0000000f
ffffffe1
00000009
ffffffd0
ffffffc4
00000061
0000002a
ffffffc0
fffffffd
ffffffd2
0000000d
ffffffd0
ffffffe4
00000073
ffffffac
fffffffe
0000000a
00000052
ffffffcf
ffffffb6
00000012
ffffffc6
00000032
00000069
ffffffd5
00000012
0000003f
0000002e
00000019
ffffffa9
ffffffd5
ffffffcf
00000079
00000022
0000001b
00000035
ffffffcc
00000052
ffffffcc
00000011
fffffffe
00000008
0000002b
0000001a
fffffffa
00000022
fffffff1
ffffffea
0000002d
00000051
ffffffeb
fffffff1
0000008b
0000000e
ffffffd4
ffffffd5
00000021
00000022
0000001c
00000018
ffffffcc
ffffffaf
000000ab
0000004f
0000002b
ffffffcf
ffffffc4
00000045
fffffff6
00000035
0000001f
ffffffb5
00000037
ffffffd3
ffffffdb
00000005
ffffffa5
00000015
0000001a
0000006a
0000001f
ffffffd0
00000008
ffffffcb
00000015
ffffffd7
ffffffca
ffffffb6
000000b7
00000016
ffffff99
00000000
ffffffc9
ffffffe8
00000027
ffffffd4
00000017
ffffffff
00000018
ffffffe1
ffffffac
ffffffae
00000021
ffffffcf
00000049
ffffffd2
ffffffbf
00000021
fffffff3
fffffffc
fffffff6
00000018
ffffffb0
00000022
fffffffb
0000000a
00000015
00000074
00000045
0000000d
ffffffed
ffffffb8
00000012
ffffffe5
00000078
00000046
00000003
fffffff9
ffffffbb
fffffff1
00000013
ffffffd8
ffffffee
ffffffb8
00000009
ffffffe0
ffffffca
00000065
0000008f
0000005f
ffffffdf
ffffffa0
00000015
ffffffd7
0000003e
00000027
ffffffd6
ffffffd7
ffffffd6
0000000e
00000032
0000001b
00000015
00000046
ffffffdf
00000013
00000008
ffffffd7
ffffffd5
00000037
0000001b
ffffffd2
0000000f
ffffffee
ffffffd5
ffffffde
00000002
fffffff9
00000014
0000000e
000000b9
00000035
ffffffd7
00000039
0000000f
ffffffbf
fffffff8
ffffffc1
fffffff9
00000006
0000004a
ffffffb1
00000017
0000002b
00000004
ffffffed
ffffffc9
ffffffe5
0000000e
0000000e
ffffffe5
ffffffbf
00000030
ffffffd4
ffffffc9
ffffffdc
ffffffc1
ffffffcf
fffffff3
ffffffc3
ffffffc9
00000019
00000005
ffffffe2
0000003f
00000028
ffffffa7
fffffff1
00000039
ffffffeb
ffffffcf
ffffffc8
ffffffe8
fffffff6
00000057
ffffffdc
ffffffd8
00000046
ffffffdb
ffffffec
ffffffb1
00000013
00000032
00000007
ffffffd0
00000038
0000001c
ffffffae
ffffffe0
0000001d
ffffffcd
0000007f
ffffffbc
ffffffd4
ffffffbf
00000009
00000000
ffffffeb
000000b2
00000047
fffffffa
ffffffe2
0000006a
0000006e
ffffffe5
00000059
ffffffba
ffffffd1
00000001
00000000
0000001d
00000047
ffffffee
ffffffd4
00000028
00000046
00000000
fffffff3
fffffffc
fffffff8
000000a7
ffffffcd
fffffff0
00000048
ffffffb6
00000014
0000007d
00000020
00000001
00000084
00000092
00000002
ffffffcd
0000007b
ffffffcd
00000035
ffffffd8
ffffffbe
ffffffd6
ffffffca
0000001e
0000000f
ffffffa6
ffffffea
0000001e
ffffffda
00000089
00000015
ffffffe4
00000030
ffffffc8
ffffffd1
ffffffda
00000007
00000020
ffffffd6
ffffffcf
00000030
ffffffd5
ffffffda
00000003
ffffffeb
00000028
0000004e
00000053
00000007
00000013
ffffffe9
ffffffcb
00000017
ffffffd4
00000058
ffffffd5
00000088
00000039
ffffffd4
0000000c
ffffffdf
00000023
ffffffc6
ffffffe0
ffffffb5
ffffff9b
ffffffae
ffffffee
ffffffcf
ffffffc2
00000013
0000000e
0000001f
fffffff3
fffffffe
00000019
ffffffd4
0000002f
ffffffd0
00000032
fffffff6
00000007
fffffff8
00000007
ffffffca
00000002
0000005a
ffffffc3
ffffffeb
00000030
0000005e
ffffffdc
ffffffbc
0000001e
ffffffd9
00000098
00000044
ffffffdb
ffffffe0
ffffffdb
ffffffc2
ffffffd4
fffffff5
ffffffde
0000003e
ffffffe4
00000021
fffffff4
00000013
ffffffc8
ffffffe6
ffffffd7
ffffffea
ffffffd0
ffffffdd
00000003
ffffffd9
0000001d
ffffffe3
0000001b
0000001b
0000005d
ffffffc5
fffffff8
000000af
00000037
ffffffb5
0000000e
ffffffd8
fffffffe
ffffffc5
ffffffc5
0000005b
00000029
ffffffc3
fffffff3
ffffffe0
ffffffe8
ffffffd3
ffffffed
00000068
ffffffb1
00000009
00000003
00000056
ffffffcc
ffffffa7
00000011
ffffffcb
00000038
0000006a
ffffffcc
00000018
0000004d
0000002d
00000002
ffffffb1
ffffffd4
ffffffd4
0000007d
00000012
00000004
00000023
ffffffc9
0000004e
ffffffbe
0000000d
0000000a
0000000a
00000026
00000010
fffffff8
00000029
fffffff7
ffffffed
00000034
0000005e
ffffffe7
00000000
00000090
00000010
ffffffcb
ffffffe1
00000017
0000001b
00000013
00000011
ffffffc8
ffffffaa
000000ac
00000059
00000024
ffffffcc
ffffffc3
0000004e
ffffffe6
0000003a
0000002c
ffffffb2
00000032
ffffffc0
ffffffc2
ffffffeb
ffffffa0
0000001b
00000023
00000064
00000031
ffffffd0
0000000e
ffffffc2
0000001a
ffffffd5
ffffffce
ffffffb6
000000ad
00000015
ffffff98
0000000c
ffffffc0
ffffffff
0000003b
ffffffd2
00000020
fffffff2
0000001b
ffffffe1
ffffffaa
ffffffb6
00000017
ffffffc5
00000044
ffffffd4
ffffffd4
00000017
ffffffee
fffffff4
fffffffc
00000020
ffffffa6
00000029
fffffff5
fffffffe
00000010
00000084
00000047
0000001c
ffffffec
ffffffcd
0000001b
fffffff9
0000007f
0000003f
00000013
ffffffff
ffffffc5
fffffff0
0000001c
ffffffd8
fffffffd
ffffffba
fffffff0
ffffffdc
ffffffc3
00000061
0000008e
00000053
ffffffe6
ffffffab
0000000a
ffffffda
00000048
00000010
ffffffdc
ffffffd5
ffffffd5
0000001c
00000030
00000019
00000013
00000058
ffffffdd
00000006
00000015
ffffffe9
ffffffef
00000027
0000000f
ffffffc8
00000000
ffffffed
ffffffd7
ffffffe5
0000000c
fffffff9
00000001
00000012
000000bf
0000001a
ffffffc8
0000004c
00000014
ffffffac
00000006
ffffffb7
fffffff2
fffffffe
0000004c
ffffff9f
00000012
0000001a
00000009
ffffffe9
ffffffcd
ffffffee
00000005
00000025
ffffffde
ffffffc0
00000015
ffffffd6
ffffffc5
ffffffd7
ffffffc0
ffffffd0
00000008
ffffffd2
ffffffbb
00000029
fffffff6
ffffffe2
00000038
00000024
ffffffa0
fffffffc
0000004f
00000002
ffffffc1
ffffffd1
fffffff3
00000003
00000045
ffffffdd
ffffffcc
00000048
ffffffd8
00000006
ffffffb6
0000000e
0000002f
00000001
ffffffc7
00000025
00000003
ffffffb7
ffffffd5
00000029
ffffffbe
00000089
ffffffb8
ffffffca
ffffffc0
00000005
ffffffff
ffffffeb
000000b7
00000045
ffffffe7
fffffff4
00000051
00000071
ffffffc6
0000005a
ffffffcc
ffffffbc
fffffff9
fffffff5
00000028
0000004e
00000001
ffffffd7
00000027
0000003d
0000000e
fffffffe
fffffff9
fffffffd
000000ab
ffffffd5
fffffff4
00000053
ffffffb8
00000020
0000007b
0000000f
00000008
0000007e
0000008d
00000001
ffffffd4
00000076
ffffffc9
00000028
ffffffd1
ffffffc2
ffffffd1
ffffffda
00000026
00000009
ffffffb4
ffffffeb
00000020
ffffffcf
0000008b
00000017
ffffffdd
00000017
ffffffcd
ffffffc4
ffffffeb
00000002
0000001b
ffffffd7
ffffffd0
00000022
ffffffd1
ffffffd6
00000002
ffffffe3
00000032
0000005d
00000034
fffffff6
00000028
ffffffe7
ffffffd2
00000013
ffffffd4
00000065
ffffffe6
00000080
0000003a
ffffffd3
00000015
ffffffcd
00000020
ffffffc0
ffffffe1
ffffffb2
ffffffa7
ffffffac
fffffff1
ffffffd4
ffffffc9
00000012
00000021
0000000e
ffffffed
0000000b
00000019
ffffffc5
00000036
ffffffc7
00000034
ffffffed
00000004
ffffffee
00000003
ffffffc0
ffffffff
00000050
ffffffc2
ffffffe1
0000002a
00000068
ffffffd2
ffffffb3
0000001f
ffffffda
00000095
00000052
ffffffd5
ffffffe2
ffffffda
ffffffbe
ffffffd5
ffffffec
ffffffdc
00000048
ffffffe3
0000001c
0000000d
00000016
ffffffc6
ffffffec
ffffffca
fffffff1
ffffffdd
ffffffdf
fffffffb
ffffffd1
0000000c
ffffffe1
0000001e
0000002a
0000005d
ffffffb9
ffffffeb
000000b5
00000033
ffffffae
0000000b
ffffffd8
ffffffef
ffffffc3
ffffffca
0000006b
00000023
ffffffc5
fffffff9
ffffffe1
fffffff5
ffffffcd
ffffffed
00000075
ffffffac
fffffffb
00000002
00000062
ffffffd4
ffffffb7
00000016
ffffffc7
00000035
00000070
ffffffc9
00000010
0000003a
00000037
00000003
ffffffa1
ffffffd2
ffffffc2
00000082
00000027
00000006
00000039
ffffffd0
0000005d
ffffffbf
00000019
00000001
00000013
00000020
00000010
fffffffc
0000001f
fffffffa
fffffffa
0000002e
00000062
ffffffe8
ffffffe7
000000a1
00000014
ffffffcd
ffffffd9
00000026
00000023
00000026
0000001a
ffffffc3
ffffffa5
000000b0
00000057
00000030
ffffffc7
ffffffbf
00000048
ffffffe6
00000044
00000027
ffffffb7
00000049
ffffffc9
ffffffc0
fffffff7
ffffff9e
00000011
00000013
0000006e
00000027
ffffffcf
00000010
ffffffc5
00000017
ffffffd2
ffffffcb
ffffffab
000000b7
0000001f
ffffff8e
0000000c
ffffffc1
fffffff5
0000002f
ffffffd4
00000028
fffffff2
00000032
ffffffe6
ffffffa8
ffffffb3
0000002d
ffffffc1
0000003f
ffffffd0
ffffffcd
0000001b
ffffffe1
fffffffd
fffffff9
0000001b
ffffffa5
0000002a
fffffff5
0000000d
00000008
00000094
00000051
0000001c
ffffffea
ffffffc4
00000027
ffffffec
00000079
00000045
0000000f
fffffffd
ffffffb5
ffffffed
00000013
ffffffd7
fffffff0
ffffffb6
00000001
ffffffdd
ffffffcb
00000066
00000094
00000060
ffffffde
ffffffa9
00000009
ffffffd3
0000004d
0000001f
ffffffcf
ffffffd3
ffffffd3
00000021
00000024
00000018
00000011
00000059
ffffffdd
0000000b
0000000c
ffffffe7
ffffffe3
00000037
00000000
ffffffcc
00000009
ffffffed
ffffffd2
ffffffe8
00000002
fffffff9
0000001e
0000000b
000000c5
0000001a
ffffffd6
0000003c
00000014
ffffffaf
00000003
ffffffad
ffffffe8
fffffffe
00000041
ffffffa5
00000002
0000002a
0000000c
fffffff2
ffffffcc
ffffffe9
0000000a
00000023
ffffffe1
ffffffb7
00000020
ffffffd7
ffffffc4
ffffffe1
ffffffbc
ffffffc9
00000001
ffffffc3
ffffffbc
00000028
00000006
ffffffdd
0000003d
00000020
ffffff97
00000004
00000045
00000006
ffffffc8
ffffffcd
fffffff8
0000000c
0000004d
ffffffe2
ffffffd4
0000004a
ffffffd1
fffffffa
ffffffae
00000012
0000001f
fffffffc
ffffffc3
0000002f
00000004
ffffffbf
ffffffc9
0000000d
ffffffc6
0000008a
ffffffa9
ffffffcd
ffffffc0
00000006
0000000f
ffffffe9
000000ba
0000004c
ffffffe7
fffffff1
00000058
00000076
ffffffd5
00000057
ffffffc5
ffffffc6
00000003
fffffff2
0000002f
00000055
fffffff7
ffffffc9
00000031
0000004c
00000005
00000000
fffffffe
fffffffc
000000c0
ffffffcf
fffffff3
00000048
ffffffba
0000001c
0000008e
0000001f
00000003
0000007e
0000009c
0000000b
ffffffd7
00000087
ffffffc9
0000003b
ffffffd1
ffffffbe
ffffffd7
ffffffc1
00000023
0000000d
ffffffaa
ffffffe2
00000027
ffffffc7
00000086
0000001c
ffffffe2
00000029
ffffffc7
ffffffb9
ffffffdb
fffffff2
0000002f
ffffffd6
ffffffc5
0000002c
ffffffd5
ffffffd9
0000000b
ffffffde
00000033
0000005d
00000045
ffffffe9
0000001e
ffffffe3
ffffffc1
0000001f
ffffffcd
00000068
ffffffde
00000081
00000035
